"","CNS.SF_268","CNS.SF_295","CNS.SF_539","CNS.SNB_19","CNS.SNB_75","CNS.U251","LE.CCRF_CEM","LE.HL_60","LE.K_562","LE.MOLT_4","LE.RPMI_8226","LE.SR","ME.LOXIMVI","ME.MALME_3M","ME.M14","ME.SK_MEL_2","ME.SK_MEL_28","ME.SK_MEL_5","ME.UACC_257","ME.UACC_62","ME.MDA_MB_435"
"MI0000060_miRNA 1",11.91,11.94,11.5,13.16,12.63,12.16,10.82,11.21,7.91,11.05,10.51,9.86,11.22,11.12,11.47,11.02,11.34,10.09,9.77,11.21,11.15
"MI0000061_miRNA 2",6.71,7.13,5.79,6.23,6.62,6.44,5.96,7.7,6.11,5.65,5.81,6.45,7.21,6.44,5.42,6.13,7.38,5.71,6.01,7.06,6.66
"MI0000061_miRNA 3",13.11,12.86,12.1,13.65,12.97,12.6,11.38,12.21,8.76,12.22,9.9,10.59,11.06,12.38,12.26,11.5,12.4,10.81,10.95,11.86,12.14
"MI0000062_miRNA 4",12.09,11.98,11.08,12.92,12.16,11.59,10.56,11,7.9,11.18,10.14,9.54,10.44,11.27,11.22,10.39,11.6,9.78,10.1,11.12,11.15
"MI0000063_miRNA 5",12.87,12.46,11.8,13.58,12.91,12.89,11.84,11.86,10.66,11.41,11.41,11.22,11.35,12.46,11.59,11.71,12.35,11.03,11.14,11.85,11.5
"MI0000064_miRNA 6",12.92,12.85,11.95,13.7,12.96,12.51,11.12,11.54,8.64,11.68,10.81,10.07,10.61,12.29,12.11,11.29,12.22,10.47,11.06,11.87,11.96
"MI0000065_miRNA 7",11.93,11.94,11.01,12.65,11.87,11.62,10.31,10.78,7.7,10.85,9.94,9.3,9.53,11.41,11.16,10.34,11.28,9.76,10.02,10.89,11.13
"MI0000065_miRNA 8",10.49,10.32,9.91,11.43,10.56,9.84,9.58,9.94,4.97,10.45,9.17,8.74,8.43,10.18,10,9.44,10.41,8.86,8.32,9.52,10.01
"MI0000434_miRNA 9",7.04,7.22,6.97,7.89,7.44,7.22,6.47,7.86,6.76,6.87,6.78,6.69,6.57,6.64,6.08,6.41,7.34,6.64,6.29,6.34,6.85
"MI0000434_miRNA 10",10.8,10.6,10.51,11.6,10.72,10.52,10.29,10.58,9.15,10.84,10.2,10.01,9.34,11.46,10.77,10.58,11.15,10.02,9.86,10.33,10.79
"MI0000066_miRNA 11",11.46,11.25,10.99,11.93,11.33,11.11,10.43,10.98,9.57,10.83,9.94,9.94,10.37,11.32,10.91,10.72,11.01,10.26,10.01,10.76,10.83
"MI0000067_miRNA 12",5.93,5.58,5.86,6.52,6.14,5.5,5.44,6.93,4.89,6.48,5.38,6.33,6.1,2.3,5.45,2.3,7.25,5.38,5.29,5.47,2.3
"MI0000067_miRNA 13",10.31,9.3,8.97,10.62,10.37,10.02,9.13,9.88,6.41,10.16,8.99,8.33,7.85,9.63,9.49,9.2,9.23,8.62,7.73,8.28,9.47
"MI0000068_miRNA 14",10.71,10.15,10.04,11.58,10.94,10.39,10.08,10.44,4.11,10.95,9.89,9.15,8.43,10.37,10.42,9.91,9.15,9.18,8.5,9.41,9.79
"MI0000433_miRNA 15",10.57,10.31,10.67,11.7,11.27,10.6,10.55,11.16,7.47,11.49,10.62,9.91,9.66,10.89,10.83,10.55,10.61,10.06,8.91,9.86,10.72
"MI0000433_miRNA 16",7.11,5.94,2.3,7.75,7.41,7.3,5.57,7.17,2.3,7.69,6.42,2.3,5.15,6.17,2.3,5.72,7.26,6.08,2.3,5.14,6.15
"MI0000434_miRNA 17",10.45,10.37,10.81,11.36,10.45,10.55,10.74,10.81,9.72,10.7,10.11,10.39,9.93,11.12,10.77,10.99,11.1,10.13,9.82,10.43,10.73
"MI0000434_miRNA 18",2.3,2.3,5.4,2.3,3.43,2.3,5.24,5.06,3.99,2.3,5.38,2.3,5.45,2.3,5.06,5.86,2.3,6.23,2.3,5.4,2.3
"MI0000437_miRNA 19",6.28,6.85,5.95,8.18,6.93,6.59,2.3,5.27,4.97,6.85,5.33,2.3,6.14,6.21,5.12,6.44,6.36,5.29,2.3,5.91,5.79
"MI0000651_miRNA 20",5.42,5.73,5.03,5.81,3.8,6.2,5.08,5.54,3.48,5.25,2.3,2.3,5.99,5.1,5.45,2.3,5.7,2.3,2.3,2.3,2.3
"MI0000263_miRNA 21",7.85,7.08,7.66,8.05,7.08,7.14,8.04,7.57,7.56,8.67,7.58,8.46,7.96,6.17,7.65,6.56,8.14,6.36,6.08,7.2,7.41
"MI0000264_miRNA 22",5.67,5.29,5.12,6.06,6.13,6.6,5.54,6.44,5.55,6.84,6.25,6.02,5.63,6.29,5.37,5.52,6.4,7.04,6.16,6,5.92
"MI0000264_miRNA 23",8,7.33,7.96,7.99,6.82,7.44,8.06,8.14,7.8,8.47,8.1,8.3,8.73,7.09,6.64,7.66,8.07,7.15,7,7.65,7.94
"MI0000265_miRNA 24",9.77,10.08,9.82,11.15,9.72,10.32,10.69,10.34,10.21,10.48,9.98,10.34,10.73,10.03,9.4,10.74,9.86,9.54,9.64,10.45,10.01
"MI0000265_miRNA 25",6.24,5.64,6.49,6.72,5.12,6.64,5.57,5.63,6.66,7.72,6.63,7.49,7.3,5.03,6.69,5.49,6.85,5.58,5.08,5.57,6.06
"MI0000466_miRNA 26",9.86,11.96,8.03,10.27,10.57,12.19,9.63,9.42,9.1,9.32,8.97,9.04,8.69,8.06,9.64,10.49,9.81,8.39,9.14,8.84,9.69
"MI0000466_miRNA 27",8.58,11.55,5.06,8.23,9.79,11.64,8.13,6.77,6.65,5.33,5.94,7.96,6.44,6.44,6.67,9.89,8.58,7.45,7.98,7.46,9.05
"MI0000467_miRNA 28",9.35,12.12,5.5,8.8,10.04,11.8,8.22,7.75,4.32,6.65,7.02,7.15,6.45,6.09,8.55,9.95,9.5,7.33,8.84,6.63,9.3
"MI0000467_miRNA 29",9.12,11.8,5.5,8.18,9.8,11.68,7.95,6.85,5.42,6.2,6.97,6.45,5.15,2.3,8.42,9.54,9.1,7.26,8.31,6.88,9.27
"MI0000468_miRNA 30",10.34,12.34,9.44,10.77,11.03,12.44,10.31,10.18,9.82,9.61,10.27,10.27,10.84,10.02,10.16,10.65,10.83,9.79,10.16,9.99,10.26
"MI0000468_miRNA 31",9.84,12.04,8.01,9.72,10.31,12.11,9.15,9.36,8.35,8.67,8.49,8.57,9.37,8.55,9.16,10.24,9.76,8.53,9.28,9.51,9.92
"MI0000266_miRNA 32",12.61,11.75,11.11,12.14,11.76,11.43,2.3,2.3,9.34,5.06,5.31,2.3,12.22,11.11,11.48,10.66,11.74,9.29,10.6,11.86,10.84
"MI0000266_miRNA 33",7.25,2.3,6.18,6.54,2.3,5.93,2.3,2.3,5.91,2.3,2.3,2.3,5.19,5.35,7.75,2.3,7.62,2.3,2.3,2.3,2.3
"MI0000267_miRNA 34",11.52,10.29,11.15,11.9,10,11,5.12,2.3,8.5,5.29,2.3,2.3,9.46,10.73,10.68,9.31,11.42,9.35,10.57,11.07,10.37
"MI0000267_miRNA 35",7.22,5.94,6.28,7.33,5.68,7.32,2.3,5.71,3.51,5.56,5.53,2.3,6,6.13,6.16,6.06,6.81,5.19,6.47,5.79,5.47
"MI0000069_miRNA 36",10.06,9.38,9.67,10.2,9.52,9.69,10.57,9.52,8.45,11.09,10.02,8.42,8.47,9.48,9.72,9.43,10.26,8.73,9.53,8.69,9.53
"MI0000069_miRNA 37",2.3,5.56,6.15,6.95,5.21,6.87,2.3,5.29,2.87,5.54,2.3,2.3,5.62,5.17,2.3,2.3,6.15,2.3,2.3,2.3,2.3
"MI0000438_miRNA 38",10.15,10.17,10.29,10.97,10.17,10.54,10.61,9.17,9.06,11.51,10.82,8.74,9.31,9.62,9.9,9.48,11.12,8.89,9.63,9.12,9.98
"MI0000438_miRNA 39",8.56,7.82,7.99,8.24,7.99,8.46,7.43,6.81,7.53,9.28,8.84,5.1,6.82,5.95,7.7,6.59,8.18,6.37,5.86,7.38,8.16
"MI0000070_miRNA 40",11.23,10.88,11.62,11.8,10.96,11.42,12.39,11.91,10.01,12.62,11.63,10.18,10.53,10.99,11.06,11.07,11.07,10.34,10.5,10.16,10.97
"MI0000115_miRNA 41",11.82,11.24,12.06,12.03,11.31,11.58,12.56,12.2,10.69,13.08,11.98,10.69,11.06,11.23,11.61,11.33,11.48,10.71,10.83,10.57,11.37
"MI0000071_miRNA 42",8.42,7.29,7.71,8.22,7.52,8.51,8.75,8.59,8.15,9.41,8.7,6.2,7.95,7.04,8.09,7.24,8.22,6.94,6.95,5.85,7.45
"MI0000071_miRNA 43",11.73,11.11,11.54,11.97,13.2,11.51,14.16,13.76,14.83,14.29,13.37,13.14,13.43,11.26,10.69,12,11.26,11.78,12.55,11.96,12.55
"MI0000072_miRNA 44",8,7.2,7.82,8.42,9.33,8.04,10.26,10.14,11.25,10.88,9.82,9.31,9.53,7.65,8.72,7.45,6.83,8,8.5,7.87,8.54
"MI0000073_miRNA 45",7.22,5.71,6.63,7.16,7.79,6.13,7.89,8.47,10.11,9.41,8.49,7.09,7.91,6.54,7.48,5.38,6.92,6.4,6.48,6.17,6.96
"MI0000074_miRNA 46",7.39,6.92,7.08,7.83,9.1,7.71,9.4,9.63,11.12,10.48,9.42,8.34,8.52,7.05,8.36,6.45,7.68,7.69,8.27,5.9,8.31
"MI0000075_miRNA 47",7.82,6.63,7.7,8.27,9.38,8.05,9.51,9.63,11.12,10.35,9.32,8.52,8.98,7.52,8,7.76,7.79,8.32,8.18,7.63,8.44
"MI0000076_miRNA 48",11.37,10.66,11.27,11.72,12.83,11.2,13.74,13.5,14.47,14.41,13.28,12.89,12.99,10.99,12.06,11.34,10.73,11.36,12.16,11.72,11.99
"MI0000077_miRNA 49",12.47,13.23,13.06,13.35,13.15,13.45,9.39,10.36,11.57,10.61,9.85,11.9,12.66,12.33,12.6,12.12,12.27,11.71,11.19,11.74,11.17
"MI0000077_miRNA 50",2.3,2.3,2.3,2.3,2.3,2.3,2.3,2.3,2.3,5.08,2.3,2.3,2.3,2.3,2.3,2.3,2.3,2.3,2.3,2.3,2.3
"MI0000078_miRNA 51",8,7.16,6.85,6.89,5.87,7.03,2.3,5.47,5.1,2.3,5.5,2.3,7.51,6.28,5.38,5.59,7,2.3,5.29,2.3,2.3
"MI0000079_miRNA 52",15.47,15.5,15.13,15.99,15.34,15.4,10.25,14.31,12.65,10.98,14.03,13.95,14.62,14.6,15.45,15.4,15.84,13.14,14.09,14.81,14.95
"MI0000439_miRNA 53",15.35,15.06,14.66,15.96,15.24,15.43,10.61,14.32,12.72,10.92,13.71,13.78,14.83,14.6,15.14,14.87,15.47,12.98,13.74,14.74,14.62
"MI0000080_miRNA 54",12.81,12.15,12.23,13.72,12.81,12.78,7.15,11.39,9.6,8.16,11.35,10.55,12.54,11.79,12.1,12.01,13.07,10.63,10.9,12.03,11.26
"MI0000080_miRNA 55",6.92,6.71,6.21,7.91,7.02,7.56,2.3,5.95,4.16,2.3,5.52,2.3,6.72,5.76,6.43,5.82,7.26,2.3,5.91,6.05,5.76
"MI0000081_miRNA 56",12.91,12.13,12.2,13.67,12.6,12.34,6.11,11.45,9.18,7.55,10.91,10.42,12.1,11.91,12.17,12.43,12.77,10.56,11,11.93,11.69
"MI0000082_miRNA 57",12.65,12.06,11.8,12.73,13.2,12.08,13.97,13.7,14.9,14.65,12.93,13.68,12.99,12.41,12.91,12.43,12.11,11.69,12.89,12.32,13.04
"MI0000083_miRNA 58",13.12,11.16,11.42,13.07,12.22,11.03,12.07,12.17,11.56,12.36,11.95,10.39,12.25,12.87,12.31,12.62,11.89,10.36,11.24,11.92,11.17
"MI0000083_miRNA 59",5.65,5.42,5.84,5.58,5.75,2.3,2.3,6.9,5.88,6.04,6.29,5.51,6.12,5.25,5.21,2.3,6.5,5.37,5.96,5.33,2.3
"MI0000084_miRNA 60",12.97,11.85,12.24,13.57,13.08,11.74,13.36,13.44,11.97,12.84,12.2,12.04,12.6,12.82,12.72,13.09,13.05,11.6,11.91,12.61,12.91
"MI0000085_miRNA 61",9.79,9.38,9.82,11.12,9.51,9.61,8.07,9.14,7.92,7.88,8.59,8,9.03,9.89,9.37,8.77,10.24,8.07,8.22,8.74,9.19
"MI0000440_miRNA 62",9.33,9.34,9.69,11.13,9.03,9.34,2.3,7.76,6.4,6.2,8.13,7.28,8.82,10,8.7,8.27,10.17,7.79,8.24,8.46,8.54
"MI0000086_miRNA 63",7.96,6.6,6.73,8.16,7.63,6.81,2.3,2.3,4.7,5.15,2.3,2.3,7.49,7.23,6.75,6.11,8.18,6.37,6.31,5.76,6.5
"MI0000087_miRNA 64",12.09,11.21,10.25,11.24,11.12,10.82,9.62,9.39,7.55,10.41,10.49,10.47,12.78,12.65,11.25,12.25,12.29,12.02,11.49,10.55,11.66
"MI0000087_miRNA 65",9.12,8.81,8.62,10.07,9.14,9.38,9.48,9.15,9.22,8.33,8.94,9.55,9.99,9.9,8.97,9.3,8.98,9.04,8.96,9.71,8.91
"MI0000735_miRNA 66",11.9,10.74,9.2,10.48,10.6,10.63,9.61,9.62,7.42,10.51,10.26,10.08,12.18,12.13,10.63,11.38,12.11,11.27,10.97,9.94,11.18
"MI0000088_miRNA 67",11.78,10.67,10.62,11.88,11.85,11.83,11.4,11.25,10.61,11.55,10.58,10.08,11.23,12,11.37,12.41,11.96,12.66,11.52,12.09,12.18
"MI0000088_miRNA 68",7.75,5.8,6.1,7.87,6.05,7.82,6.96,6.57,6.17,6.95,6.49,5.19,5.67,6.01,6.18,6.43,7.55,2.3,7.32,6.5,7.23
"MI0000441_miRNA 69",12.13,11.56,11.67,12.81,12.75,12.17,12.7,12.41,11.57,12.79,11.81,11.07,11.92,12.6,12.44,13.01,12.77,13.34,12.51,12.53,13.26
"MI0000441_miRNA 70",6.84,7.6,7.51,8.34,7,7.42,8.32,8.44,7.45,7.72,7.79,6.9,7.47,7.27,7.23,6.85,7.55,6.79,6.79,7.24,7.33
"MI0000254_miRNA 71",12.58,11.68,11.72,12.91,12.85,12.6,12.81,12.2,11.8,12.98,12.01,11.21,12.09,12.39,12.57,13.39,12.92,12.95,12.62,12.58,13.1
"MI0000255_miRNA 72",5.95,2.3,5.87,6.52,5.17,6.26,5.67,5.83,2.87,6,5.24,2.3,6.25,6.04,5.44,6.31,7.21,5.21,5.35,2.3,6.56
"MI0000255_miRNA 73",12.05,11.52,12,12.81,12.88,12.48,12.28,12.25,11.69,12.85,11.74,11.27,12.2,13.2,12.75,13.44,13.14,14.12,13.02,13.13,13.57
"MI0000089_miRNA 74",5.32,10.29,9.6,8.76,11.13,9.46,2.3,6.86,4.85,5.81,7.92,2.3,11.19,2.3,7.07,5.83,8.22,5.64,5.38,5.24,5.8
"MI0000090_miRNA 75",7.86,7.16,7.46,8.47,8.14,7.35,8.04,7.72,7.78,8.29,6.56,6.6,7.95,6.82,7.17,7.85,7.75,7.21,7.3,6.69,7.35
"MI0000090_miRNA 76",8.44,8.58,8.96,10.05,9.99,8.5,11.3,10.47,11.79,11.56,10.41,10.92,10.4,8.25,9.53,9.63,8.54,8.82,10.26,9.6,9.94
"MI0000091_miRNA 77",2.3,2.3,5.65,5.93,6.4,5.74,7,6.2,8.03,7.04,5.7,5.47,6.75,5.35,5.83,2.3,6.01,2.3,5.47,2.3,2.3
"MI0003646_miRNA 78",6.34,6.84,7.87,8.24,7.23,7.07,7.98,8.49,8.31,8.19,8.68,7.85,8.43,8.14,6.68,7.31,7.65,7.03,8.03,7.61,7.82
"MI0000268_miRNA 79",9.38,9.01,7.63,8.65,9.4,8.09,5.84,2.3,7.43,7.24,5.8,2.3,10.77,5.21,5.59,8.14,7.96,2.3,7.18,8.71,7.61
"MI0000268_miRNA 80",7.84,6.68,6.8,8.33,7.66,7.58,7.99,7.99,7.91,7.61,7.39,7.74,7.99,8.5,7.02,7.63,8.45,7.6,8.72,8.03,6.71
"MI0000093_miRNA 81",2.3,6.36,6.15,7.88,6.19,6.76,7.87,6.9,8.27,7.7,6.83,6.57,7.1,6.32,6.1,6.24,7.31,5.67,5.67,6.45,7.06
"MI0000093_miRNA 82",14.65,13.16,14.55,15.05,15.3,14.53,15.89,15.86,15.94,16,15.53,15.7,15.5,13.98,14.88,14.39,13.96,14.28,15.1,14.64,14.01
"MI0000094_miRNA 83",14.14,13.73,14.09,14.67,15.41,14.35,15.77,15.6,15.99,15.95,15.43,15.47,15.11,13.4,14.5,14.24,13.78,13.88,15.03,14.42,14.7
"MI0000095_miRNA 84",10.94,9.86,9.8,10.68,11.16,9.93,12.08,12.01,12.62,13.01,11.56,11.49,11,10.24,10.87,10.88,10.23,10.2,10.54,10.27,11.11
"MI0000097_miRNA 85",2.3,5.56,6.09,6.92,6.27,5.53,7.11,7.58,8.22,8.13,7.32,5.85,6.47,5.9,6.76,2.3,6.25,5.56,6.36,5.86,6.1
"MI0000098_miRNA 86",8.54,11.13,8.47,11.25,12.56,8.25,13.08,9.91,12.85,14.3,12.82,12.13,12.11,7.5,8.97,11.01,10.3,8.18,12.94,10.31,12.52
"MI0000098_miRNA 87",9.32,10.48,9.58,11.22,11.17,9.57,11.7,10.28,12.12,13.13,11.02,11.67,11.55,8.98,9.5,9.99,9.91,9.46,10.9,11.01,11.22
"MI0000100_miRNA 88",5.86,5.81,2.3,6.99,6.86,5.97,6.31,6.36,6.8,7.35,2.3,5.33,5.79,2.3,2.3,6,5.22,5.29,2.3,2.3,2.3
"MI0000101_miRNA 89",13.22,13.04,11.98,13.02,13.96,12.79,6.81,8.03,9.85,8,8.77,5.62,14.14,10.2,11.15,11.76,11.06,9.45,10.73,12.52,11.51
"MI0000746_miRNA 90",7.65,6.89,8.15,8.06,7.84,7.25,7.73,8.36,8.46,8.54,7.14,7.21,8.11,6.33,7.17,7.01,7.39,6.67,7.37,7.32,7.46
"MI0000746_miRNA 91",11.76,11.12,12.15,12.8,12.54,12.15,6.93,8.1,10.74,8.14,8.27,6.28,11.29,10.73,11.19,11.04,11.01,9.74,11.16,11.89,10.57
"MI0000651_miRNA 92",7.19,2.3,5.54,6.28,6.03,6,5.12,2.3,2.9,6.06,5.72,5.19,5.44,6.1,5.12,6.75,7.02,5.19,5.27,5.1,5.38
"MI0000651_miRNA 93",2.3,5.58,2.3,6.2,3.67,5.17,5.56,2.3,4.82,2.3,5.68,6.45,5.82,6.23,5.42,6.16,5.19,2.3,5.47,2.3,5.42
"MI0000437_miRNA 94",2.3,2.3,2.3,6,2.3,2.3,2.3,2.3,2.3,6.45,2.3,2.3,2.3,5.37,2.3,2.3,2.3,2.3,2.3,2.3,2.3
"MI0000437_miRNA 95",5.63,5.38,2.3,6.96,3.21,2.3,2.3,5.7,4.51,5.74,5.31,6.04,6.62,6.17,5.12,5.58,5.38,2.3,5.56,6.01,5.12
"MI0000102_miRNA 96",13.85,13.54,12.47,13.46,14.21,12.71,8.66,8.88,10.6,9.92,9.59,8.62,14.78,10.8,11.74,12.75,11.54,10.26,10.74,13.71,12.37
"MI0000102_miRNA 97",13.45,13.29,11.92,13.11,13.75,12.37,2.3,6.36,7.11,5.58,8.41,2.3,14.5,10.4,11.13,12.1,11.22,9.53,10.02,13.33,11.84
"MI0000103_miRNA 98",10.29,9.81,8.79,9.62,10.57,9.33,5.21,5.67,8.18,7.26,5.86,5.84,11.64,5.03,7.87,8.65,8.34,2.3,7.06,9.86,8.55
"MI0000103_miRNA 99",7.24,2.3,6,7.67,8.36,7.4,8.06,7.51,9.5,9.21,7.92,7.52,8.39,5.73,6.9,6.47,5.68,5.65,7.26,6.68,6.73
"MI0000739_miRNA 102",2.3,2.3,2.3,2.3,2.3,2.3,2.3,2.3,2.86,2.3,2.3,2.3,2.3,2.3,2.3,2.3,2.3,2.3,5.61,2.3,2.3
"MI0000739_miRNA 103",5.31,5.47,2.3,7.26,8.05,6.16,7.65,6.98,8.9,8.59,7.39,6.73,8.59,2.3,5.72,6.4,5.58,5.17,6.49,6.65,7.26
"MI0000107_miRNA 104",11.7,10.96,9.68,10.56,10.74,10.69,10.02,10.03,8.6,10.85,10.57,10.52,12.57,12.74,11.18,12.06,12.13,12.02,11.33,10.46,11.64
"MI0000108_miRNA 105",12.71,10.8,12.45,12.93,12.6,11.76,13.13,12.55,11.15,13.28,12.32,12.22,12.91,12.22,12.03,13.14,12.93,12.13,12.82,12.51,12
"MI0000109_miRNA 106",13.48,11.34,12.52,13.3,13.01,12.33,13.35,12.89,11.53,13.89,12.68,12.36,13.33,12.74,12.54,13.45,13.27,12.31,12.95,12.77,12.47
"MI0000112_miRNA 107",10.17,9.49,8.44,9.52,10.23,9.17,2.3,2.3,3.45,5.17,5.47,2.3,11.45,7.5,6.93,8.22,8.36,2.3,6.73,9.72,8.54
"MI0000112_miRNA 108",2.3,2.3,2.3,5.77,2.3,2.3,2.3,5.04,4.11,2.3,2.3,5.74,5.47,2.3,2.3,2.3,2.3,2.3,2.3,2.3,2.3
"MI0000111_miRNA 109",2.3,2.3,5.75,6.72,4.33,5.06,5.22,5.27,4.37,5.93,6.53,2.3,5.51,2.3,5.99,5.29,6.27,2.3,5.59,5.25,5.44
"MI0000113_miRNA 110",11.02,9.98,10.72,11.22,11.83,10.61,12.66,12.92,13.88,13.81,12.38,12.2,12.16,10.33,11.37,10.78,10.06,10.84,11.32,10.79,11.75
"MI0000113_miRNA 111",9.82,10.12,9.59,10.45,11.69,10.26,12.02,12.43,13.45,13.44,11.78,11.7,12.01,9.64,11.01,9.55,9.79,9.86,10.56,10.52,11.36
"MI0000113_miRNA 112",2.3,2.3,2.3,2.3,2.3,2.3,2.3,2.3,2.3,2.3,2.3,2.3,2.3,2.3,2.3,2.3,5.03,2.3,2.3,2.3,2.3
"MI0000734_miRNA 113",10.25,8.86,9.33,10.43,10.96,10.01,11.61,11.65,12.62,12.47,11.59,11.4,11.07,9.97,10.12,10,9.63,9.77,10.33,10.22,10.8
"MI0000734_miRNA 114",6.19,5.95,2.3,6.48,4.75,6.31,2.3,7.84,4.49,5.52,6.01,5.58,5.45,5.75,2.3,5.53,6.78,5.37,5.53,2.3,5.12
"MI0000114_miRNA 115",13.19,11.04,12.49,13.1,12.76,11.91,13.04,12.48,11.73,13.57,12.5,12.32,13.07,12.43,12.4,13.23,13.41,12.11,12.88,12.56,12.36
"MI0000114_miRNA 116",12.76,10.83,12.09,12.75,12.41,11.66,12.35,12.39,10.87,13.53,11.81,11.76,12.88,12.26,11.85,12.74,12.84,11.62,12.33,12.27,12.03
"MI0000114_miRNA 117",2.3,2.3,2.3,5.35,2.3,2.3,2.3,2.3,2.85,5.53,5.17,2.3,2.3,5.12,2.3,2.3,5.47,2.3,2.3,2.3,2.3
"MI0000442_miRNA 118",9.66,8.99,9.68,10.37,9.96,9.6,10.51,10.34,10.71,11.04,10.22,9.86,10.29,9.57,9.47,9.57,9.36,9.13,9.86,9.45,9.4
"MI0000471_miRNA 119",6.87,6.17,2.3,7.34,6.22,5.52,8.92,5.99,13.38,6.37,8.44,2.3,8.58,6.55,6.9,5.68,6.33,7.38,6.44,5.91,2.3
"MI0000471_miRNA 120",7.22,5.88,5.92,7.3,7.83,6.13,7.54,7.03,10.63,8.32,7.27,6.67,8.38,5.8,6.35,6.21,6.53,5.9,6.64,6.91,6.56
"MI0000443_miRNA 121",10.32,10.55,10.37,11.38,10.55,10.56,11.01,10.32,11.11,10.74,10.43,11.28,11.35,10.28,10.5,10.69,10.44,10.05,10.56,10.97,10.54
"MI0000444_miRNA 122",10.14,8.57,10.04,10.51,9.38,10.58,10.05,10.3,10.37,9.35,9.49,10.39,10.39,9.8,9.96,10.16,9.59,9.95,9.24,10.38,8.65
"MI0000445_miRNA 123",9.79,10.13,10.11,10.63,9.91,10.34,10.4,10.11,10.93,10.38,10.17,10.88,10.72,9.29,10.07,10.19,10.09,9.61,10.26,10.51,9.95
"MI0000469_miRNA 124",10.64,10.95,10.9,11.95,11.22,10.73,2.3,6.87,9.38,6.41,6.14,2.3,10.25,9.41,10.41,10.11,9.98,7.98,9.69,10.04,9.77
"MI0000469_miRNA 125",2.3,6.1,6.96,7.28,6.4,5.97,7.31,7.15,7.75,7.65,7.22,6.19,6.64,6.79,5.96,5.17,6.36,5.33,6.96,6.2,7.23
"MI0000446_miRNA 126",13.59,12.42,12.36,13.2,13.38,13.03,5.76,6.13,8.53,7.58,9.13,5.99,13.6,9.88,11.01,11.74,10.98,9.76,10.75,12.68,11.2
"MI0000470_miRNA 127",5.67,5.32,2.3,5.29,5.04,5.08,2.3,2.3,2.3,2.3,2.3,2.3,6.05,2.3,2.3,2.3,2.3,2.3,2.3,2.3,2.3
"MI0000470_miRNA 128",13.2,12.82,12.26,13.24,13.41,12.66,5.83,6.45,7.86,6.59,9.06,5.27,13.85,9.8,10.66,11.66,10.82,9.8,11.09,12.46,11.1
"MI0000471_miRNA 129",9.55,8.4,9.64,10.31,9.1,8.18,9.2,9.7,13.02,9.82,12.34,10.57,13.04,10.65,9.02,10.3,9.53,11.46,10.21,9.91,9.27
"MI0000471_miRNA 130",2.3,2.3,2.3,6.15,2.3,2.3,5.45,5.35,10.41,2.3,6.31,2.3,5.59,5.49,2.3,2.3,5.35,5.35,2.3,5.52,2.3
"MI0000471_miRNA 131",2.3,2.3,2.3,5.42,3.06,2.3,5.33,5.79,10.34,2.3,5.65,2.3,5.54,2.3,2.3,2.3,6.01,5.33,5.38,2.3,2.3
"MI0000471_miRNA 132",10.15,9.23,10.5,11.41,9.78,9.42,10.27,10.76,13.61,10.41,13.19,11.31,14.03,11.1,9.9,11.36,10.39,12.4,11.06,11.11,9.68
"MI0000472_miRNA 133",8.96,7.91,7.65,8.98,8.41,8.26,7.83,7.8,7.21,8.4,7.72,6.18,8.98,5.96,6.48,7.36,7.3,5.79,6.35,7.61,7.09
"MI0000447_miRNA 134",8.54,7.95,8.32,9.47,8.61,8.56,8.19,9.22,9.25,8.9,8.85,8.16,9.52,8.36,7.85,8.8,8.29,7.56,8.69,8.84,8.14
"MI0000447_miRNA 135",10.26,9.59,9.73,10.89,11.01,10.74,13.92,10.74,10.75,14.38,10.66,10.28,10.47,11.04,9.59,9.8,10.9,9.65,10.35,11.39,9.89
"MI0000727_miRNA 136",9.84,8.97,9.77,10.49,10.63,10.1,13.85,10.28,10.45,14.38,10.27,9.77,10,10.64,9.59,9.17,10.45,9.43,9.78,11.46,9.7
"MI0000727_miRNA 137",5.21,2.3,5.42,6.51,6.22,5.97,8.76,5.49,7.9,9.67,6.5,6.09,5.7,5.45,5.71,5.27,5.58,5.19,6.08,6.16,5.15
"MI0000473_miRNA 138",8.18,8.84,8.4,9.49,8.4,8.25,8.71,9.08,9.37,8.76,9.03,9.32,10.12,8.65,8.41,8.5,9.63,8.34,8.64,8.97,8.96
"MI0000473_miRNA 139",7.39,2.3,5.68,6.44,6.61,8.72,6.63,8.23,7.06,6.16,6.97,6.5,7.51,7.11,5.92,7.26,8.09,7.56,5.83,6.85,6.57
"MI0000252_miRNA 140",8.01,8.25,8.11,9.82,8.13,8.03,9.47,9.66,8.33,8.9,9.08,8.36,9.5,8.07,8.03,8.93,9.1,7.82,7.74,8.42,7.85
"MI0000252_miRNA 141",6.29,7.19,7.64,8.12,7.53,7.07,7.72,8.39,7.64,8.58,7.17,7.87,8.39,6.57,6.98,8.34,8.85,7.99,7.34,7.57,7.3
"MI0000448_miRNA 142",5.56,2.3,5.04,5.12,3.49,2.3,5.33,2.3,2.3,6.57,2.3,2.3,5.17,2.3,2.3,2.3,5.17,2.3,2.3,2.3,2.3
"MI0000448_miRNA 143",13.21,9.76,11.72,12.14,10.37,11.24,11.78,8.13,11.2,12.16,7.92,9.18,12.81,10.67,11.91,10.89,11.2,10.47,10.74,10.17,11.22
"MI0000748_miRNA 144",12.25,9.18,10.25,11.06,10.56,10.78,11.11,9.44,11.71,12.24,9.71,9.8,11.38,10.1,10.27,10.39,10.57,9.43,10.4,9.95,9.97
"MI0000748_miRNA 145",9.26,9.19,9.2,10.04,9.5,9.48,10.16,9.96,10.21,10.12,9.94,10.06,10.16,9.58,9.05,9.65,9.4,9.49,9.28,9.88,9.19
"MI0000449_miRNA 146",8.86,6.41,7.16,8.16,7.04,7.95,5.65,6.34,7.41,7.44,2.3,5.19,8.75,6.04,8.12,7.24,7.84,6.94,7.1,5.47,8.45
"MI0000449_miRNA 147",5.44,2.3,6.29,6.33,3.88,5.67,5.52,5.33,4.9,6.15,5.81,2.3,5.77,2.3,2.3,5.85,6.24,5.63,5.44,6.27,5.64
"MI0000450_miRNA 148",2.3,2.3,2.3,6.87,2.3,2.3,5.05,2.3,2.3,5.21,2.3,2.3,2.3,2.3,2.3,2.3,5.06,2.3,2.3,2.3,2.3
"MI0000451_miRNA 149",2.3,2.3,2.3,5.22,2.3,2.3,2.3,2.3,2.3,5.17,2.3,2.3,2.3,5.52,2.3,2.3,2.3,2.3,2.3,2.3,2.3
"MI0000822_miRNA 150",2.3,2.3,2.3,2.3,2.3,2.3,2.3,2.3,3.55,2.3,2.3,2.3,2.3,2.3,2.3,2.3,2.3,2.3,2.3,2.3,2.3
"MI0000822_miRNA 151",6.84,8.21,8.9,8.99,8.32,8.8,8.3,9.05,8.64,8.74,9.16,8.71,9.05,8.66,8.06,8.85,8.2,8.19,8.76,8.66,8.53
"MI0000474_miRNA 152",8.75,11,7.89,10.21,10.57,7.9,5.25,7.32,6.3,2.3,7.1,6.11,10.68,7.17,6.76,8.44,7.61,7.05,9.58,9.16,9.31
"MI0000474_miRNA 153",7.73,5.85,5.06,7.96,5.42,6.04,6.91,6.06,6.22,7.35,5.74,5.22,6.29,5.87,2.3,5.8,2.3,2.3,5.35,2.3,5.4
"MI0000452_miRNA 154",6.91,7.47,6.71,8.22,7.12,8.05,7.49,7.41,7.94,7.31,7.79,8.25,7.63,7.95,7.46,7.42,7.97,6.94,7.84,7.53,7.49
"MI0000453_miRNA 155",7.91,7.7,8.41,9.08,9.6,8.87,9.94,9.55,11.27,10.85,9.66,10.05,9.86,8.07,8.69,8.23,8.2,7.91,8.83,8.37,8.93
"MI0000452_miRNA 156",8.2,8.43,7.51,9.23,8.27,8.95,8.4,8.82,8.88,8.08,8.25,9.38,9.26,8.45,8.31,8.19,8.39,8.06,8.3,9.03,8.45
"MI0000453_miRNA 158",2.3,5.32,5.27,7.14,4.19,7.27,2.3,5.72,6.91,5.44,5.1,7.16,5.22,6.81,2.3,6.91,7.94,5.81,6.08,6.16,5.79
"MI0000453_miRNA 159",2.3,2.3,2.3,2.3,2.3,2.3,2.3,2.3,2.88,2.3,2.3,2.3,2.3,2.3,2.3,2.3,2.3,2.3,2.3,2.3,2.3
"MI0000810_miRNA 160",2.3,2.3,5.8,6.31,5.7,7.51,2.3,2.3,7.41,2.3,6.28,7.2,5.32,7.31,6.1,2.3,5.85,5.97,6.34,2.3,2.3
"MI0000810_miRNA 161",5.96,5.37,5.88,5.9,2.92,2.3,5.24,5.42,3.62,5.42,6.03,2.3,5.74,5.38,2.3,2.3,5.81,2.3,5.45,5.31,2.3
"MI0000475_miRNA 162",2.3,5.52,2.3,2.3,2.97,2.3,2.3,5.54,2.94,2.3,2.3,2.3,5.15,2.3,2.3,2.3,2.3,5.74,2.3,2.3,2.3
"MI0000475_miRNA 163",8.3,7.95,7.69,8.34,7.98,7.5,7.65,8.69,8.12,7.59,9.11,8.19,9.5,8.59,7.44,7.73,8.16,8.43,7.91,8.17,7.74
"MI0000454_miRNA 164",9.01,2.3,6.94,7.04,3.87,2.3,2.3,6.45,3.5,2.3,2.3,2.3,7.92,2.3,2.3,2.3,2.3,2.3,2.3,2.3,2.3
"MI0000476_miRNA 165",10.07,7.05,7.54,9.13,3.54,8.35,5.22,5.7,4.56,5.4,9.02,5.4,7.45,8.5,8.77,8.9,8.9,7.42,7.75,7.47,7.52
"MI0000455_miRNA 166",10.37,7.99,8.92,9.75,7.48,9.06,7.64,8.99,8.01,6.74,9.53,8.11,9.19,9.03,9.18,9.05,9.06,8.5,7.92,8.65,7.02
"MI0000261_miRNA 167",5.33,2.3,2.3,5.49,2.3,2.3,2.3,2.3,2.3,2.3,2.3,2.3,2.3,2.3,2.3,2.3,2.3,2.3,2.3,2.3,2.3
"MI0000456_miRNA 168",6.16,2.3,2.3,5.84,2.3,2.3,5.38,5.08,2.3,2.3,2.3,2.3,2.3,2.3,2.3,2.3,5.68,2.3,2.3,5.17,2.3
"MI0000456_miRNA 169",9.02,8.49,10.1,11.25,8.17,8.81,8.57,9.96,8.63,9.32,8.28,7.64,8.43,8.63,9.38,10.94,9.39,8.6,8.16,11.2,8.78
"MI0000457_miRNA 170",6.22,5.75,7.11,7.65,6.38,5.22,5.27,7.26,4.41,6.82,6.13,5.5,7.54,6.08,5.42,5.74,6.53,6.13,5.56,6.71,5.29
"MI0000458_miRNA 172",2.3,2.3,2.3,5.08,2.3,2.3,11.03,11.5,10.45,12.25,10.52,10.45,5.78,2.3,2.3,2.3,2.3,2.3,2.3,2.3,2.3
"MI0000459_miRNA 173",5.22,2.3,8.73,7.91,3.63,2.3,6.1,7.38,7.63,8.13,5.95,6.31,2.3,2.3,5.25,5.29,2.3,2.3,2.3,2.3,5.15
"MI0000460_miRNA 174",2.3,2.3,2.3,6.23,2.3,2.3,2.3,2.3,6.34,2.3,2.3,2.3,2.3,2.3,2.3,2.3,2.3,2.3,2.3,2.3,2.3
"MI0000460_miRNA 175",2.3,2.3,2.3,2.3,2.3,2.3,2.3,2.3,2.95,2.3,2.3,2.3,2.3,2.3,2.3,2.3,2.3,2.3,2.3,2.3,2.3
"MI0000461_miRNA 176",8.75,8.78,11.86,11.77,8.48,9.09,8.51,8.88,9.15,8.81,9.54,9.49,9.44,9.7,7.33,8.52,8.85,8.82,9.26,9.37,8.44
"MI0000477_miRNA 177",6.95,10.23,8.59,10.85,6.22,7.1,7.88,9.85,13.53,9.65,9.49,9.88,14.66,13.71,14.57,15.22,14.83,14.75,14.06,13.52,14.53
"MI0003129_miRNA 178",6.64,9.71,8.68,10.29,6.15,6.97,8,9.61,13.92,10.07,9.24,10.65,14.1,13.42,13.51,14.88,14.25,13.78,13.35,13.08,14.31
"MI0003129_miRNA 179",5.06,2.3,2.3,2.3,2.3,2.3,2.3,5.8,5.94,5.47,7.87,2.3,6.03,2.3,2.3,2.3,2.3,2.3,2.3,2.3,2.3
"MI0000262_miRNA 180",5.91,5.86,5.77,7.03,3.74,6.41,6.16,7.29,7.57,6.64,5.1,5.03,9.06,7.95,8.39,9.4,9.12,8.95,7.8,7.04,9.07
"MI0000253_miRNA 181",5.53,2.3,6.4,7.46,2.86,5.37,2.3,7.92,5.45,9.69,8.98,5.77,2.3,7.89,5.85,7.58,8.9,7.22,8.27,7.6,2.3
"MI0000253_miRNA 182",5.5,2.3,5.49,7.3,2.3,5.32,2.3,7.38,3.03,9.15,8.59,5.49,2.3,7.28,2.3,7.41,8.34,6.94,7.61,7.56,2.3
"MI0000253_miRNA 183",2.3,2.3,2.3,5.17,2.3,2.3,2.3,2.3,2.3,5.03,2.3,2.3,2.3,2.3,2.3,2.3,2.3,2.3,2.3,2.3,2.3
"MI0000811_miRNA 184",6.9,5.64,7.18,7.37,7.36,6.26,6.25,7.86,6.84,8.33,8.15,5.12,5.9,7.65,6.23,7.14,8.49,7.56,7.75,7.43,2.3
"MI0000811_miRNA 185",7.52,7.51,7.97,9.63,8.32,9.04,8.51,8.69,8.93,8.28,8.58,9.27,9.53,8.43,8.41,8.18,8.1,8.15,8.57,9.12,8.1
"MI0000478_miRNA 186",7.53,8.17,6.74,7.75,7.41,6.35,7.51,7.11,6.66,7.73,8.15,7.07,7.22,7.2,7.3,6.84,8.28,5.84,8.03,7.64,7.75
"MI0000479_miRNA 187",7.65,7.44,8.03,8.47,7.61,7.6,9.17,8.43,7.67,7.63,8.84,9.24,7.87,7.87,7.16,7.77,7.81,7.82,7.72,7.82,7.53
"MI0000809_miRNA 188",7.88,2.3,7.39,7.17,6.85,5.7,5.12,6.37,6.34,2.3,6.99,5.27,7.29,6.34,6.13,6.6,7.38,7.95,7.41,7.59,6.53
"MI0000462_miRNA 189",8.02,8.07,8.83,8.42,6.35,7.17,6.06,6.56,5.15,7.42,7.54,7.3,6.95,8.22,5.73,6.51,8.66,7.54,8.23,7.89,5.47
"MI0000462_miRNA 190",7.04,6.71,7.23,7.55,6.28,6.52,7.24,8.72,7.79,7.72,8.67,6.94,9.19,8.11,6.79,7.8,7.91,8.66,8.03,7.29,7.73
"MI0000463_miRNA 191",2.3,2.3,2.3,6.17,5.99,5.65,6.69,5.96,6.79,6.32,6.16,5.65,5.33,5.15,5.03,5.03,5.75,5.03,6.16,5.05,6.51
"MI0000463_miRNA 192",2.3,2.3,2.3,5.52,3.6,2.3,2.3,5.56,5.02,2.3,2.3,2.3,5.22,5.08,2.3,5.14,5.68,2.3,2.3,2.3,2.3
"MI0000464_miRNA 193",2.3,2.3,2.3,2.3,2.3,2.3,2.3,2.3,2.88,2.3,2.3,2.3,2.3,2.3,2.3,2.3,2.3,2.3,2.3,2.3,2.3
"MI0000480_miRNA 194",2.3,2.3,2.3,2.3,2.3,2.3,2.3,2.3,2.87,2.3,2.3,2.3,2.3,2.3,2.3,2.3,2.3,2.3,2.3,2.3,2.3
"MI0000480_miRNA 195",7.57,2.3,2.3,7.53,2.3,2.3,2.3,2.3,2.3,2.3,5.1,2.3,2.3,2.3,2.3,2.3,2.3,2.3,2.3,2.3,2.3
"MI0000681_miRNA 196",13.75,10.74,11.73,12.93,5.09,11.38,13.04,11.7,6.32,12.83,8.56,5.87,14.12,11.05,12.9,5.65,8.13,5.1,5.35,6.09,10.06
"MI0000069_miRNA 197",9.65,9.21,9.41,10.01,9.46,9.82,10.37,9.56,8.47,10.97,9.76,8.13,8.72,9.35,8.91,8.55,9.99,8.3,9.3,8.51,9.04
"MI0000070_miRNA 199",11.59,10.63,10.85,11.49,10.87,11.42,12.14,11.51,10.14,12.32,11.3,10.08,10.89,10.67,10.58,10.74,11.22,9.89,10.05,9.75,10.72
"MI0000070_miRNA 200",2.3,2.3,5.08,5.17,2.3,5.19,2.3,5.31,3.11,2.3,5.14,2.3,2.3,2.3,2.3,2.3,2.3,2.3,2.3,2.3,2.3
"MI0000115_miRNA 201",10.99,10.55,11.53,11.47,10.67,11.19,12.26,11.63,10.07,12.4,11.33,10.24,10.71,10.58,11.14,10.78,10.71,9.93,9.97,9.82,10.74
"MI0000115_miRNA 202",9.13,8.58,9.08,8.9,8.02,9.08,8.67,8.52,8.6,9.17,9.06,7.54,7.64,8.28,9.46,7.92,8.95,6.85,7.83,6.96,9.44
"MI0000269_miRNA 203",12.07,10.88,11.68,12.47,10.41,11.19,14.02,12.58,2.3,13.6,8.61,10.21,11.78,10.21,11.36,12.42,11.07,10.07,10.28,11.54,10.51
"MI0000269_miRNA 204",7.8,7.57,8.07,8.12,7.71,7.95,8.04,8.12,7.09,7.88,7.29,8.34,7.21,8.68,7.99,8.4,8.01,8.74,8.49,8.46,7.46
"MI0000270_miRNA 205",12.99,12.42,13.26,13.94,12.03,12.96,15.27,14.45,5.93,15.1,11.35,11.99,12.92,11.88,12.92,13.83,12.31,11.57,11.76,13.14,12.17
"MI0000270_miRNA 206",5.5,6.28,6.21,7.67,6.55,5.79,6.31,6.31,5.91,5.68,6.41,7.08,6.45,7.52,6.48,7,6.64,5.72,5.81,7.35,5.22
"MI0000683_miRNA 207",13.38,12.51,13.22,14.12,12.24,13.27,15.42,14.55,7.31,15.16,11.58,12.16,12.94,11.88,13.08,13.79,12.6,11.58,11.9,13.34,12.32
"MI0000683_miRNA 208",5.56,2.3,5.21,6.07,5.65,5.31,5.79,6.23,4.25,5.94,6.89,5.77,5.59,5.7,2.3,6.04,6.05,2.3,6.13,5.67,5.12
"MI0000289_miRNA 209",11.86,10.62,11.5,12.61,10.61,11.89,14.17,13.01,2.88,13.81,8.42,10.26,11.85,10.01,11.45,12.5,11.18,10.09,10.04,11.45,10.22
"MI0000289_miRNA 210",6.41,6.63,6.24,7.76,6.08,6.6,7.74,7.53,5.3,7.98,6.09,5.82,6.37,6.43,5.19,6.44,6.04,6.44,7.01,6.28,6.15
"MI0000271_miRNA 211",10.64,9.91,10.65,11.29,9.32,10.63,12.93,12.12,2.3,12.82,7.46,9.23,10.73,8.99,10.17,11.54,9.8,8.74,8.97,10.14,9.46
"MI0000271_miRNA 212",5.79,2.3,6.72,6.54,5.87,6.32,7.09,7.68,6.89,7.63,7.32,7.27,7.22,6.72,5.86,6.3,6.92,5.61,5.86,6.02,6.06
"MI0003139_miRNA 213",12.35,11.19,11.98,12.85,10.99,12.27,14.25,13,5.48,13.95,10.7,10.84,11.88,10.56,11.69,12.64,11.24,10.07,10.33,11.99,10.9
"MI0000272_miRNA 215",2.3,2.3,2.3,5.08,4.22,5.03,5.21,5.65,6.58,6.26,5.06,2.3,2.3,2.3,2.3,2.3,2.3,2.3,5.08,2.3,2.3
"MI0000272_miRNA 216",8.23,8.66,7.06,9.48,11.52,10.64,2.3,5.12,9.3,9.91,8.4,7.81,7.3,6.04,7.47,2.3,8.05,6.91,2.3,6,8.93
"MI0000273_miRNA 217",5.22,5.33,2.3,7.57,9.27,7.85,2.3,2.3,7.21,8.01,7.1,6.98,6.52,2.3,2.3,2.3,5.68,5.06,2.3,5.49,7.24
"MI0000273_miRNA 218",2.3,2.3,2.3,5.31,7.51,5.9,2.3,2.3,3.55,6.37,2.3,2.3,2.3,2.3,2.3,2.3,2.3,2.3,5.12,2.3,2.3
"MI0000481_miRNA 219",2.3,2.3,2.3,2.3,2.3,2.3,2.3,2.3,3.45,2.3,2.3,2.3,2.3,2.3,2.3,2.3,2.3,2.3,2.3,2.3,2.3
"MI0000481_miRNA 220",8.28,8.42,8.58,9.39,8.65,8.18,8.6,9.18,8.81,8.45,9.25,8.73,9.37,8.45,8.08,8.67,8.51,8.47,8.72,8.74,8.63
"MI0000482_miRNA 221",7.99,7.69,6.37,7.58,7.27,7.33,6.28,6.99,8.77,8.26,6.89,6.51,6.96,8.55,7.94,8.18,9.16,8.14,7.32,7.47,8
"MI0000482_miRNA 222",8.03,7.32,7.73,8.67,7.6,7.78,8.9,8.98,8.02,8.47,8.49,8.07,7.55,7.92,5.93,7.9,7.67,7.16,7.58,7.74,7.75
"MI0000483_miRNA 223",8.21,6.96,8.34,8.37,8.32,8.25,7.63,8.54,8.08,8.61,7.48,6.51,6.96,5.83,8.53,8.21,8.92,7.67,7.63,6.25,7.7
"MI0000274_miRNA 224",5.56,5.93,6.04,5.68,4.68,6.5,2.3,6.82,5.01,6.16,6.76,5.05,5.25,2.3,5.73,2.3,6.4,6.65,2.3,5.15,2.3
"MI0000274_miRNA 225",6.14,2.3,5.38,2.3,3.65,7.18,5.35,7.65,5.46,5.03,2.3,5.27,2.3,5.56,5.17,6.37,2.3,2.3,2.3,2.3,2.3
"MI0000484_miRNA 226",2.3,2.3,2.3,5.84,4.81,5.52,2.3,5.9,3.84,2.3,5.47,2.3,2.3,2.3,2.3,5.08,5.4,2.3,2.3,2.3,5.17
"MI0001518_miRNA 227",2.3,2.3,2.3,2.3,2.3,2.3,2.3,2.3,5.78,5.35,2.3,2.3,2.3,2.3,2.3,2.3,2.3,2.3,2.3,2.3,2.3
"MI0001518_miRNA 228",2.3,2.3,2.3,5.1,3.05,5.33,5.45,2.3,2.84,5.63,2.3,2.3,2.3,2.3,2.3,2.3,2.3,2.3,7.08,2.3,7.87
"MI0000486_miRNA 229",5.96,2.3,6.39,6.19,5.91,7.06,2.3,7.38,4.38,5.88,6.04,2.3,2.3,5.33,2.3,2.3,5.56,2.3,2.3,2.3,2.3
"MI0000465_miRNA 230",11.6,11.28,11.74,12.2,13,11.71,12.51,13.9,12.01,12.12,11.66,10.41,10.96,10.87,11.11,12.21,11.46,10.74,10.17,11.36,10.75
"MI0000234_miRNA 231",9.15,9.51,9,9.95,9.92,9.38,9.16,10.95,9.79,9.54,9.72,8.86,9.57,8.75,9.24,9.24,9.39,8.74,8.25,9.28,9.08
"MI0000234_miRNA 232",5.42,5.7,5.21,7.22,6.67,5.93,6.33,6.02,5.48,5.64,6.28,6.65,7.59,6.33,5.94,6.16,6.44,5.92,6.47,6.24,6.48
"MI0000234_miRNA 233",8.38,8.65,7.73,8.86,7.97,8.49,9.58,8.91,8.44,9.52,7.07,6.32,8.29,6.92,8.16,8.78,7.83,5.95,5.35,7.86,7.99
"MI0000487_miRNA 235",6.4,2.3,7.26,6.58,3.67,5.88,2.3,2.3,3.68,2.3,6.31,2.3,5.03,6.29,6.6,6.9,6.92,2.3,6.01,5.83,2.3
"MI0000487_miRNA 236",8.47,8.7,9.36,8.82,8.25,8.11,8.25,9.05,8.16,8.64,9.33,8.74,9.67,8.65,8.48,8.12,8.64,8.32,8.22,8.63,8.3
"MI0003137_miRNA 237",7.02,5.29,8.27,7.24,5.46,6.47,2.3,5.29,7.77,2.3,7.48,2.3,7.6,6.48,8.24,8.46,8.4,6.24,5.59,6.65,7.98
"MI0003137_miRNA 238",5.35,2.3,6.97,5.15,3.45,5.19,2.3,2.3,3.51,2.3,2.3,2.3,2.3,2.3,6.81,2.3,5.81,2.3,2.3,2.3,6.15
"MI0000488_miRNA 239",7.6,7.6,7.13,8.05,7.48,7.86,7.67,7.61,8.45,8.06,8,7.66,9.14,7.52,7.74,8.84,7.68,7.02,7.56,8.22,7.46
"MI0000488_miRNA 240",2.3,2.3,2.3,5.67,2.86,2.3,5.05,5.67,2.3,5.58,2.3,2.3,5.08,5.27,2.3,5.19,2.3,2.3,2.3,2.3,2.3
"MI0000732_miRNA 241",10.91,10.85,10.98,11.59,10.73,11.09,11.2,11.06,11.37,11.23,11.61,11.54,12.22,11.02,10.76,11.48,10.71,11.34,10.89,11.28,11.06
"MI0000732_miRNA 242",2.3,2.3,2.3,2.3,2.89,2.3,2.3,5.79,2.3,2.3,2.3,2.3,2.3,2.3,2.3,2.3,5.52,2.3,5.77,5.66,2.3
"MI0000488_miRNA 243",10.09,10.46,10.03,11.05,10.27,10.33,10.2,10.43,10.44,10.42,10.54,11.03,11.13,10,9.9,9.66,10.86,9.8,10.12,10.85,10.21
"MI0000488_miRNA 244",5.1,2.3,5.15,5.73,2.92,2.3,5.35,5.67,2.3,7.28,2.3,2.3,2.3,6.06,2.3,5.4,2.3,2.3,6.71,2.3,2.3
"MI0000489_miRNA 245",10.66,9.74,10.64,11.1,10.1,10.57,11.84,10.89,9.38,11.48,10.77,9.56,10.17,9.98,10.61,10.5,10.08,9.45,9.48,9.21,10.08
"MI0000238_miRNA 246",8.1,7.71,7.64,8.69,7.18,7.92,7.67,7.07,6.94,7.92,7.2,6.37,6.62,7.32,7.46,6.92,6.79,5.45,5.9,7.11,7.32
"MI0000238_miRNA 247",6.36,6.2,7.7,7.22,6.72,7.34,6.85,7.83,7.1,6.46,6.89,6.48,6.33,7.19,6.49,8.49,6.45,7.01,7.42,6.28,5.19
"MI0000279_miRNA 248",5.06,5.31,2.3,6.15,2.3,5.44,2.3,5.08,3.48,2.3,2.3,2.3,6.15,6.06,2.3,2.3,5.75,2.3,5.22,2.3,5.03
"MI0000279_miRNA 249",8.45,7.81,8.28,9.12,7.76,8.36,8.07,7.74,7.52,7.38,7.12,7.56,7.18,7.63,8.39,8.08,7.3,6.06,7.55,8.33,7.97
"MI0000238_miRNA 250",10.04,9.96,9.7,11.22,9.8,10.37,10.9,11.08,10.21,10.49,10.49,10.37,10.8,10.15,9.81,10.46,9.97,9.66,9.81,10.54,9.93
"MI0000238_miRNA 251",7.27,7.84,8.37,8.45,8.03,7.73,8.19,8.79,8.14,7.64,8.15,8.56,8.12,8.52,7.81,9.28,7.89,8.11,8.51,8.97,8.44
"MI0000279_miRNA 252",8.59,8.45,8.31,9.63,8.13,8.37,8.98,8.55,8.18,7.55,7.83,8.36,7.97,8.02,8.25,8.44,7.95,6.81,8.36,8.34,8.47
"MI0000279_miRNA 253",2.3,2.3,2.3,5.42,2.88,5.15,2.3,2.3,3.1,5.27,2.3,2.3,6.13,5.45,2.3,2.3,2.3,2.3,5.22,2.3,2.3
"MI0001150_miRNA 254",6.39,6.11,6.1,7.37,4.43,6.1,6.32,2.3,3.82,5.4,2.3,2.3,5.35,5.49,5.76,5.67,7.07,2.3,5.63,6.21,7.39
"MI0001150_miRNA 255",7.7,7.91,8.34,8.36,7.97,8.08,8.01,8.79,7.97,7.77,8.82,8.35,8.57,8.37,7.71,8.51,8.05,8.35,8.5,8.53,7.99
"MI0000239_miRNA 256",12.5,12.28,12.55,13.32,12.59,12.92,12.91,12.54,12.72,12.21,12.47,13.25,12.98,12.51,12.43,13.21,12.51,12.45,12.87,13.22,12.02
"MI0000240_miRNA 257",8.75,8.2,9.21,9.47,8.96,9.62,9.2,9.26,9.21,8.46,8.92,9.38,9.67,8.44,8.79,10.09,8.95,8.93,9.03,8.5,7.94
"MI0000242_miRNA 258",5.68,2.3,10.26,5.32,2.97,2.3,6.18,5.44,2.3,2.3,2.3,5.67,6.72,5.17,5.1,2.3,5.44,5.27,2.3,2.3,2.3
"MI0000281_miRNA 259",5.27,6.55,10.61,6.6,5.85,6.2,5.68,7.33,5.4,2.3,6.17,6.88,7.12,5.97,6.61,6.67,5.27,6.9,5.97,6.69,5.44
"MI0000282_miRNA 260",6.41,2.3,8.71,6.87,5.56,5.52,5.37,7.08,5.88,5.4,7.62,5.73,6.35,5.63,5.04,6.38,5.94,2.3,6.4,5.72,2.3
"MI0000282_miRNA 261",2.3,2.3,9.41,5.61,2.93,5.5,6.11,7.46,4.19,2.3,5.53,5.33,2.3,6.4,2.3,5.7,5.91,2.3,5.9,2.3,2.3
"MI0000342_miRNA 262",2.3,2.3,2.3,2.3,6.83,2.3,2.3,2.3,2.3,5.08,6.41,2.3,7.56,2.3,2.3,2.3,5.31,2.3,2.3,2.3,2.3
"MI0000342_miRNA 263",2.3,6.29,2.3,6.87,8.26,5.54,6.69,5.95,7.93,9.89,7.72,5.59,8.25,6.79,2.3,5.52,7.84,2.3,6.38,2.3,6.7
"MI0000342_miRNA 264",5.33,2.3,6.09,5.62,5.14,5.45,5.43,7.17,4.43,5.52,6.13,5.47,6.79,5.49,2.3,2.3,6.03,2.3,5.99,5.31,2.3
"MI0000650_miRNA 265",2.3,2.3,2.3,2.3,6.32,5.1,5.15,5.47,3.62,5.35,6.42,2.3,6.71,2.3,2.3,5.05,2.3,2.3,2.3,2.3,2.3
"MI0000650_miRNA 266",2.3,2.3,6.09,5.86,3.42,2.3,2.3,5.08,4.28,5.22,6.31,5.1,6.04,2.3,2.3,2.3,5.63,2.3,2.3,2.3,2.3
"MI0003130_miRNA 267",5.72,5.68,6.58,6.01,5.63,6.14,2.3,5.93,4.45,2.3,6.3,5.62,7.44,7.13,2.3,5.01,5.45,5.92,6.84,5.56,5.47
"MI0003130_miRNA 268",12.18,12.04,12.14,13.19,12.25,12.51,12.98,12.86,12.59,12.38,13.41,13.25,14.1,13.2,12.03,12.81,12.34,12.95,12.73,13.01,12.4
"MI0003130_miRNA 269",6.06,6.75,5.91,7.71,6.35,6.64,7.57,6.88,4.76,6.81,6.57,5.67,7.08,6.94,6.68,6.04,7.45,5.15,6.23,6.85,2.3
"MI0000283_miRNA 270",2.3,2.3,2.3,5.24,4.82,5.29,5.65,5.25,2.87,5.53,8.55,2.3,2.3,5.19,2.3,2.3,6.78,5.52,2.3,6.96,2.3
"MI0000283_miRNA 271",2.3,6.37,2.3,6.39,2.3,5.93,2.3,6.74,2.88,2.3,5,2.3,2.3,6.81,7.38,6.36,9.29,7.85,6.88,6.51,2.3
"MI0000284_miRNA 272",2.3,2.3,2.3,9.45,2.88,8.54,2.3,2.3,2.3,2.3,5.88,6.34,2.3,9.76,10.86,9.2,12.16,10.84,10.3,9.08,8.84
"MI0000284_miRNA 273",7.75,6.16,6.81,7.63,6.24,7.15,7.03,7.91,5.29,8,10.74,8.33,9.03,7.49,6.58,6.09,8,6.39,6.53,6.71,6.28
"MI0000285_miRNA 274",6.87,7.74,7.15,8.47,7.92,7.59,7.43,8.69,7.8,7.74,7.94,8.15,8.21,8.26,7.7,8.31,8.05,8,8.25,8.63,8.13
"MI0000490_miRNA 275",8.52,9.05,8.95,9.93,8.89,8.99,9.36,9.8,9.17,9.42,9.27,8.93,9.61,8.92,8.32,8.79,9.41,8.03,8.36,9.4,8.69
"MI0000490_miRNA 276",7.12,6.44,6.56,7.62,7.09,6.47,6.28,7.34,6.95,7.11,7.99,7.01,8.8,7.39,6.76,7.23,7.42,8.2,7.38,7.26,6.05
"MI0000251_miRNA 277",2.3,2.3,2.3,2.3,3.51,2.3,2.3,5.25,3.41,2.3,2.3,2.3,2.3,2.3,2.3,2.3,5.61,2.3,5.35,2.3,2.3
"MI0001519_miRNA 278",10.38,9.45,10.31,10.52,11.74,10.52,12.5,12.57,13.54,13.16,11.96,11.83,11.98,9.9,10.98,9.8,9.94,10.24,10.96,10.38,10.92
"MI0001519_miRNA 279",2.3,2.3,2.3,2.3,3.17,2.3,5.67,2.3,2.3,2.3,2.3,2.3,2.3,2.3,5.7,2.3,2.3,2.3,6.4,2.3,6.67
"MI0000286_miRNA 280",10.89,6.89,9.29,8.89,8.69,9.65,6.89,7.56,8.67,7.96,7.81,8.91,8.96,6.73,7.55,7.33,9.09,6.06,6.85,8.33,7.45
"MI0000287_miRNA 281",6.32,5.32,5.61,8.59,3.48,8.05,5.12,5.44,3.69,2.3,5.9,6.63,5.19,10.15,11.08,7.71,11.73,10.64,10.2,8.25,8.12
"MI0000287_miRNA 282",6,5.12,6.31,6.08,3.52,7.02,5.08,6.85,4.55,5.35,6.49,5.94,6.17,6.98,6.62,5.82,7.46,7.35,7.5,5.31,5.37
"MI0000288_miRNA 283",9.89,10.54,10.6,10.46,10.22,10.61,10.41,10.47,11.18,10.2,10.91,10.86,11.35,9.82,9.93,11.03,10,10.53,10.6,10.44,10.31
"MI0000288_miRNA 284",8.92,7.52,8.56,9.41,7.67,8.66,10.66,9.52,7.3,10.2,9.72,8.3,10.01,8.19,8.32,9.51,8.45,8.84,7.99,8.54,7.86
"MI0000270_miRNA 285",13.19,12.04,13.17,13.71,11.9,13.14,15.03,14.1,8.08,14.8,11.12,11.87,12.9,11.66,12.86,13.86,12.22,11.41,11.7,12.9,11.62
"MI0000270_miRNA 286",7.94,7.49,8.81,8.3,7.36,8.26,8.85,8.06,5.38,8.96,6.39,7.74,7.5,7.37,6.29,8.75,7.14,6.74,6.65,8.06,7.09
"MI0000290_miRNA 287",9.01,8.86,12.73,9.36,8.72,9.45,9.16,9.63,9,8.57,9.6,9.19,9.51,8.78,8.9,9.63,8.58,9.21,9.03,9.43,8.51
"MI0000291_miRNA 288",7.34,8.49,8.2,8.19,8.04,7.58,6.76,6.73,8.82,7.38,7.28,7.21,7.72,7.17,8.94,7.41,6.56,5.83,6.16,7.3,8.13
"MI0000291_miRNA 289",5.5,2.3,2.3,2.3,2.85,2.3,6.85,5.21,3.46,6.99,2.3,2.3,2.3,2.3,2.3,5.53,2.3,2.3,2.3,2.3,2.3
"MI0000292_miRNA 290",6.96,5.75,5.56,7.17,5.89,5.73,9.13,11.76,9.99,7.45,5.68,7.23,5.93,6.96,2.3,7.46,5.4,6.02,7,6.83,6.25
"MI0000292_miRNA 291",2.3,2.3,2.3,2.3,2.86,2.3,2.3,6.38,3,2.3,2.3,2.3,2.3,2.3,2.3,2.3,2.3,2.3,2.3,2.3,2.3
"MI0000293_miRNA 292",2.3,2.3,2.3,7.18,2.3,2.3,5.14,5.86,2.95,2.3,2.3,2.3,5.84,2.3,2.3,2.3,5.19,6.17,2.3,2.3,2.3
"MI0000293_miRNA 293",2.3,2.3,2.3,2.3,2.3,2.3,2.3,5.19,2.3,2.3,2.3,2.3,2.3,2.3,2.3,2.3,2.3,2.3,2.3,2.3,2.3
"MI0000294_miRNA 294",7.61,5.99,6.61,6.65,7.04,8.09,6.76,5.75,7.62,7.74,6.28,5.1,5.88,5.94,6.19,5.57,5.85,2.3,5.75,2.3,5.32
"MI0000295_miRNA 295",5.32,2.3,2.3,5.14,2.3,6.05,2.3,2.3,2.3,2.3,2.3,2.3,6.17,2.3,2.3,2.3,2.3,5.37,2.3,2.3,2.3
"MI0000295_miRNA 296",8.28,7.65,6.17,7.96,8.03,8.93,6.65,7.58,7.5,6.29,7.87,6.39,8.12,7.31,6.81,7.03,7.19,7.54,6.51,6.71,6.95
"MI0000296_miRNA 297",6.87,7.22,6.62,7.78,7.18,8.44,2.3,7.41,5.89,7.46,7.89,6.84,8.53,6.4,6.57,5.67,6.74,6.25,6.42,5.37,5.79
"MI0000296_miRNA 298",12.48,11.49,12.17,12.87,11.92,11.73,11.85,12.31,12.35,11.56,13.51,12.38,14.88,13.39,11.19,13.7,12.21,13.92,13.81,12.48,11.77
"MI0000740_miRNA 299",2.3,2.3,2.3,2.3,2.3,2.3,2.3,2.3,2.3,2.3,2.3,2.3,5.4,2.3,2.3,2.3,2.3,2.3,2.3,2.3,2.3
"MI0000740_miRNA 300",7.77,6.87,6.97,7.5,6.77,7.48,6.95,8.16,6.98,7.63,8.66,6.71,8.35,7.68,6.77,6.69,7.72,7.89,7.56,6.84,7.3
"MI0000296_miRNA 301",7.53,6.55,7.29,7.38,6.95,7.6,2.3,7.7,5.55,2.3,6.17,5.7,7.91,6.29,6.66,5.78,7.64,6.75,6.97,7.68,6.04
"MI0000077_miRNA 302",11.97,13.1,13.32,13.35,12.95,13.41,7.33,9.74,10.69,9.31,8.7,11.79,12.53,11.81,12.35,11.97,11.81,11.68,10.94,11.78,11.13
"MI0000077_miRNA 303",2.3,2.3,2.3,2.3,2.3,2.3,2.3,2.3,2.3,2.3,2.3,2.3,2.3,2.3,2.3,2.3,5.1,2.3,2.3,2.3,2.3
"MI0000297_miRNA 304",10.5,9.78,8.94,10.26,10,10.51,5.62,9.23,3.46,7.84,6.6,7.42,10.73,8.8,10.28,9.15,10.35,8.1,9.15,8.89,9.11
"MI0000298_miRNA 305",14.64,14.06,12.72,14.61,14.26,14.61,11.02,13.3,9.11,11.99,9.94,11.75,14.72,13.29,14.44,13.62,14.58,11.55,13.23,13.15,13.09
"MI0000299_miRNA 306",15.37,14.49,13.21,15,14.67,14.9,11.91,13.84,9.69,12.48,10.29,12.42,14.87,13.78,15.11,14.13,14.76,12.06,13.54,13.75,13.62
"MI0000299_miRNA 307",14.52,13.12,12,13.9,13.6,14.25,10.81,12.97,9.13,11.21,9.53,11.41,14.01,12.47,13.8,13.02,13.56,10.93,12.29,12.65,12.49
"MI0000300_miRNA 308",6.61,2.3,2.3,6.17,4.85,2.3,13.49,15.79,13.77,10.95,2.3,2.3,5.24,2.3,2.3,2.3,6.38,2.3,2.3,2.3,2.3
"MI0000301_miRNA 309",7.82,7.31,2.3,7.26,2.3,6.2,8.8,11.38,10.66,6.71,2.3,2.3,2.3,2.3,2.3,2.3,5.27,2.3,2.3,2.3,2.3
"MI0000083_miRNA 310",12.52,11.22,11.06,12.64,11.91,10.81,11.58,11.86,11.19,11.74,11.75,9.93,11.81,12.43,12.21,12.6,11.85,10.68,10.8,11.63,11.29
"MI0000083_miRNA 311",6.92,5.83,6.89,6.84,6.12,6.88,6.93,6.21,6.51,5.94,6.68,6.23,8.51,6.29,5.38,6.97,7.42,6.62,6.89,5.88,5.86
"MI0000750_miRNA 312",12.07,10.29,10.69,11.79,11.48,10.37,10.8,11.26,10.58,11.14,11.2,8.77,11.4,11.74,11.42,11.81,11.3,10.21,10.14,10.73,10.68
"MI0000750_miRNA 313",7.82,6.65,5.99,7.38,6.47,7.78,6.81,6.54,5.78,6.56,5.93,6.49,7.49,2.3,2.3,6.8,8.52,6.88,7.94,6.92,7.98
"MI0000747_miRNA 314",6.6,6.82,6.2,7.43,5.46,6.69,7.07,6.21,5.96,5.53,6.95,5.12,6.24,6.85,6.01,5.72,7.9,5.8,6.49,5.88,6.79
"MI0000744_miRNA 316",8.94,6.32,5.92,9.96,4.27,7.2,2.3,5.38,2.3,5.32,5.17,2.3,2.3,2.3,2.3,2.3,2.3,2.3,2.3,2.3,2.3
"MI0000105_miRNA 318",10.67,9.35,7.99,8.95,9.4,9.26,8.81,8.81,6.67,9.66,9.49,9.24,11.22,11.35,9.72,10.6,11.03,10.69,10.12,9.26,10.38
"MI0000105_miRNA 319",7.78,6.26,5.03,5.25,5.28,5.31,5.53,2.3,3.04,5.59,5.22,5.96,6.89,7.17,7.65,6.87,7.6,6.35,7.24,5.7,8.17
"MI0000105_miRNA 320",10.92,9.85,8.02,9.24,9.8,9.64,9.14,9.64,8.13,9.86,9.8,9.21,11.53,11.29,9.95,10.49,11.38,10.61,10.37,8.84,10.44
"MI0000745_miRNA 321",6.1,2.3,5.06,2.3,3.86,2.3,2.3,2.3,2.3,7.24,2.3,2.3,5.7,2.3,2.3,2.3,5.52,2.3,5.03,5.32,5.12
"MI0000745_miRNA 322",13.34,14.61,13.86,14.99,14.57,13.99,14.54,14.8,13.61,13.57,12.7,15.13,14.2,15.42,14.54,14.92,14.78,14.18,13.88,15.14,14.36
"MI0000738_miRNA 323",5.04,2.3,6.88,6.65,3.09,5.94,5.15,5.56,4.21,6.77,5.27,2.3,5.72,6.46,2.3,5.77,5.44,2.3,5.77,5.12,6.08
"MI0000738_miRNA 324",2.3,2.3,5.4,6.34,4.63,5.53,2.3,6.89,5.21,2.3,5.33,6.73,5.97,7.84,5.77,5.98,6.08,6.89,5.68,6.26,2.3
"MI0000772_miRNA 325",5.35,2.3,2.3,5.08,2.96,5.12,2.3,2.3,3.2,2.3,5.24,2.3,2.3,2.3,2.3,2.3,2.3,2.3,2.3,2.3,2.3
"MI0000772_miRNA 326",8.28,7.11,7.46,7.78,6.96,8.1,7.44,8.11,7.42,6.78,6.97,7.23,6.77,7.89,7.54,7.55,6.86,7.51,7.77,6.8,7.02
"MI0000772_miRNA 327",6.95,7.3,6.39,7.96,7.36,7.3,7.03,7.74,7.64,7.7,8.09,8.03,8.35,7.33,6.7,7.23,6.78,7.41,8.04,7.07,5.79
"MI0000772_miRNA 328",2.3,2.3,2.3,5.29,2.3,2.3,2.3,2.3,2.3,2.3,2.3,2.3,2.3,2.3,2.3,2.3,2.3,2.3,2.3,2.3,2.3
"MI0000773_miRNA 329",2.3,2.3,2.3,2.3,2.3,2.3,2.3,2.3,3.04,2.3,2.3,2.3,2.3,2.3,2.3,2.3,2.3,2.3,2.3,2.3,2.3
"MI0000773_miRNA 332",2.3,2.3,2.3,5.7,2.9,5.42,5.17,2.3,3.12,2.3,2.3,2.3,2.3,2.3,2.3,5.1,5.03,2.3,2.3,2.3,5.35
"MI0000774_miRNA 333",7.77,8.06,8.86,9.29,8.35,8.58,8.05,8.88,8.72,8.77,8.57,8.94,9.02,8,8.8,8.75,8.4,8.45,8.96,8.63,8.62
"MI0000774_miRNA 334",2.3,2.3,2.3,5.65,2.95,7.41,2.3,5.15,4,5.45,2.3,2.3,2.3,2.3,2.3,2.3,2.3,2.3,2.3,5.33,5.56
"MI0000736_miRNA 335",11.54,10.66,10.46,11.86,11.72,11.64,11.64,11.35,10.77,12.24,10.99,9.61,10.91,11.3,11.34,11.33,12.02,11.81,11.28,11.48,12.22
"MI0000736_miRNA 336",6.29,6.06,5.9,5.95,5.78,6.96,6.89,6.72,5.91,6.59,7.09,5.66,6.07,6.17,5.21,5.63,6.13,5.56,6.2,5.54,5.37
"MI0000254_miRNA 337",12.4,11.2,10.94,12.48,12.49,12.41,12.21,12.29,11.42,12.84,11.63,10.77,11.79,12.37,12.04,12.41,12.71,12.79,12.11,12.07,12.72
"MI0000254_miRNA 338",7.88,7.53,7.67,8.3,7.25,8.12,7.85,8.07,7.67,8.03,7.27,7.37,7.45,7.38,7.7,7.44,7.73,7.07,7.06,7.56,7.8
"MI0000749_miRNA 339",10.79,9.44,9.48,11.13,10.65,10.93,10.55,10.5,9.82,10.91,9.9,9.05,10.2,10.49,10.38,11.43,10.78,11.11,10.25,10.64,11.2
"MI0000749_miRNA 340",7.92,5.86,6.4,7.84,5.9,7.78,6.96,7.34,6.35,7.52,6.89,2.3,6.85,6.67,6.63,6.52,7.35,5.74,7.33,5.5,7.37
"MI0000542_miRNA 341",12.2,11.27,12.11,12.12,11.27,11.41,10.72,10.4,10.98,11.35,10.71,10.13,10.93,11.04,11.2,11.73,10.85,10.42,10.21,11.13,11.33
"MI0000542_miRNA 342",9.56,7.22,9.24,9.4,8.29,9.35,9.05,10.02,8.83,7.84,9.22,8.38,9.22,9.36,8.41,9.2,8.97,8.86,8.08,8.68,7.56
"-_miRNA 343",12.7,12.97,12.62,13.34,13.15,12.87,13.04,14.63,12.83,12.68,12.56,13.03,13.52,12.62,12.84,12.91,13.13,12.56,11.86,12.57,12.79
"-_miRNA 344",13.47,13.29,12.68,13.42,13.23,12.93,13,14.46,13.01,12.93,12.91,12.87,13.86,13.27,13.13,13.02,13.82,13.18,12.56,12.95,13.68
"MI0000807_miRNA 345",8.65,2.3,2.3,8.29,3.54,5.38,2.3,2.3,3.52,5.31,5.47,2.3,5.47,2.3,2.3,2.3,5.03,2.3,2.3,2.3,2.3
"MI0000807_miRNA 346",10.49,9.31,10.39,10.18,9.44,10.15,10.2,10.98,10,9.84,9.85,10.21,10.13,9.58,9.31,9.53,9.76,9.79,9.14,9.18,9.13
"MI0000813_miRNA 347",8.57,7.89,7.89,8.64,8.13,8.08,7.98,8.85,8.03,8.44,8.48,7.81,8.83,7.92,7.99,7.91,8.42,8.27,8.45,8,8.32
"MI0000813_miRNA 348",8.68,8.32,8.19,8.08,8.18,8.71,7.73,9.12,8.22,8.34,8.39,8.39,8.23,8.74,8.03,7.81,8.33,8.28,8.09,8.04,8.19
"MI0000813_miRNA 349",5.8,6.85,6.93,7.08,6.6,7.39,7.1,6.98,6.75,7.21,7.25,7.05,7.45,7.15,6.4,7.34,7.13,6.44,7.05,6.88,6.77
"MI0000813_miRNA 350",8.23,6.63,7.75,8.06,7.59,7.27,7.57,7.81,7.19,8.31,8.28,6.65,8.09,7.74,7.41,7.8,8.32,8.17,8.41,7.28,8.08
"MI0000824_miRNA 351",5.1,2.3,2.3,6.65,5.19,7.76,2.3,6.97,3.91,5.1,5.67,2.3,5.95,2.3,2.3,2.3,5.1,2.3,2.3,5.17,5.1
"MI0000824_miRNA 352",2.3,2.3,2.3,2.3,2.3,2.3,2.3,2.3,2.3,2.3,2.3,2.3,2.3,2.3,2.3,6.53,2.3,2.3,2.3,2.3,2.3
"MI0000808_miRNA 353",2.3,2.3,5.67,6.99,4.91,6.45,2.3,7.83,5.22,6.55,8.36,6.96,7.85,5.77,5.58,5.49,5.65,6.11,5.59,6.24,5.47
"MI0000808_miRNA 354",8.7,8.22,8.45,9.07,8.15,8.15,8.61,9.04,8.35,8.74,9.19,8.39,8.84,8.43,7.87,8.29,8.73,7.64,8.25,8.02,8.76
"MI0000804_miRNA 355",8.93,8.7,9.09,9.92,9.29,9.21,10.15,10.3,9.45,9.42,10.5,9.66,10.03,9.38,8.71,9.7,9.07,9.87,9.33,9.57,9.31
"MI0001726_miRNA 356",5.67,2.3,2.3,5.65,2.3,2.3,2.3,2.3,2.3,2.3,2.3,2.3,2.3,2.3,2.3,2.3,2.3,2.3,2.3,2.3,2.3
"MI0001725_miRNA 357",6.96,6.9,6.09,7.91,6.3,6.34,7.33,7.74,6.07,7.27,6.89,6.56,6.89,6.08,5.79,7.39,2.3,2.3,6.23,6.91,5.9
"MI0001726_miRNA 358",5.68,2.3,2.3,5.78,2.3,5.21,2.3,2.3,2.3,2.3,2.3,2.3,2.3,2.3,2.3,2.3,2.3,2.3,2.3,2.3,2.3
"MI0001726_miRNA 359",5.86,5.45,5.35,7.98,6.2,6.62,7.16,7.56,6.54,7.11,6.91,6.79,7.26,6.32,6.29,6.79,6.81,5.5,5.7,5.4,2.3
"MI0000803_miRNA 360",5.54,5.29,6.32,6.02,6.37,2.3,2.3,6.36,5.55,6.16,6.62,6.19,7.51,2.3,5.15,6.12,6.44,6.4,7.36,6.36,5.44
"MI0000803_miRNA 361",2.3,2.3,5.42,2.3,2.9,2.3,2.3,2.3,2.3,2.3,6.29,2.3,2.3,2.3,2.3,2.3,2.3,2.3,2.3,2.3,2.3
"MI0000812_miRNA 362",2.3,2.3,2.3,5.73,6.44,6,2.3,5.37,2.85,6.84,5.58,2.3,2.3,5.56,2.3,2.3,5.72,2.3,2.3,2.3,2.3
"MI0000812_miRNA 363",11.1,11.04,10.77,12.86,11.52,11.36,12.19,11.85,11.78,11.32,11.73,12.63,12.71,11.51,11.34,12.52,10.92,10.77,11.15,12.4,11.6
"MI0000816_miRNA 364",10.26,2.3,2.3,5.12,5.58,8.39,2.3,6.46,2.3,2.3,6.91,2.3,2.3,2.3,2.3,2.3,2.3,2.3,2.3,2.3,2.3
"MI0000816_miRNA 365",12.03,8.63,8.05,9.33,9.11,10.36,8.69,9.67,8.49,9.06,10.5,8.96,8.2,8.75,8.1,9.33,8.43,8.18,8.85,9.07,8.74
"MI0000806_miRNA 366",6.7,6.09,5.25,8.62,2.3,6.55,2.3,5.85,2.96,2.3,6.13,2.3,2.3,5.32,2.3,2.3,5.29,2.3,2.3,2.3,5.03
"MI0000806_miRNA 367",6.57,2.3,2.3,7.19,2.3,5.73,2.3,2.3,2.3,2.3,2.3,2.3,2.3,2.3,2.3,2.3,5.27,2.3,5.59,2.3,2.3
"MI0000814_miRNA 368",2.3,5.17,5.45,7.3,6.22,6.38,5.93,7.47,6.23,6.44,6.72,5.56,6.96,7.63,2.3,5.9,6.58,5.52,2.3,6.4,2.3
"MI0000814_miRNA 369",6.56,2.3,7.65,7.91,6.29,6.15,6.47,7.04,6.64,6.04,6.03,5.96,7,7.94,5.67,6.32,5.83,6.97,6.3,6.55,2.3
"MI0000815_miRNA 370",7.07,6.92,6,7.37,6.69,7.76,2.3,6.73,5.28,2.3,7.58,6.48,7.07,5.5,2.3,5.58,6.64,6.08,5.29,5.22,5.61
"MI0000815_miRNA 371",9.71,9.89,9.71,10.27,9.83,10.04,9.7,10.25,10.21,9.65,10.1,10.17,10.77,9.68,9.29,9.63,9.91,9.58,10.22,9.95,9.88
"MI0000802_miRNA 373",8.61,5.52,7.38,8.1,7.9,7.67,5.63,9.44,7.37,7.41,7.3,8.24,7.87,8,8.62,8.83,8.87,8.53,7.76,8.02,8.91
"MI0000805_miRNA 374",13.14,10.51,11.73,12.66,12.74,11.14,14.8,12.69,11.35,15.13,10.16,11.16,11.31,11.15,9.59,11.19,10.27,11.45,10.78,11.97,11.26
"MI0000805_miRNA 375",7.1,6.97,7.27,7.77,7,6.94,8.14,7.95,6.63,8.13,7.04,7,7.15,7.11,6.84,6.99,6.77,7.3,6.95,6.05,7.31
"MI0000825_miRNA 376",10.12,6.61,6.97,8.87,9.42,8.35,7.94,8.61,5.15,9.99,5.7,6.13,5.88,9.08,6.75,8.28,8.46,8.4,7.78,7.88,7.71
"MI0000825_miRNA 377",8.19,8.2,7.35,8.32,7.47,7.3,8.62,8.75,7.52,6.74,8.23,7.72,8.78,7.77,7.2,7.85,8.42,7.37,7.86,7.52,7.55
"MI0000826_miRNA 378",11.01,11.12,10.69,11.66,10.66,11.58,11.3,11.26,11.37,10.56,11.4,11.8,11.85,11.45,10.18,11.91,10.95,10.94,11.1,11.26,10.8
"MI0000826_miRNA 379",5.5,2.3,2.3,5.72,2.3,5.95,2.3,5.04,3.09,5.25,6.27,5.31,6.04,5.64,2.3,5.19,5.59,2.3,5.29,2.3,2.3
"MI0000268_miRNA 380",7.44,7.39,7.16,8.9,7.11,7.56,8.11,8.11,7.48,8.57,8.07,7.73,8.09,8.94,5.88,7.77,8.4,8.07,8.98,8.92,7.2
"MI0000268_miRNA 381",2.3,2.3,2.3,2.3,2.3,2.3,2.3,2.3,2.3,2.3,2.3,2.3,2.3,2.3,2.3,2.3,5.58,2.3,2.3,2.3,2.3
"MI0000742_miRNA 382",2.3,2.3,2.3,6.06,2.3,2.3,2.3,2.3,2.3,2.3,2.3,2.3,5.81,7.33,2.3,2.3,7.78,6.04,7.99,7.38,2.3
"MI0000742_miRNA 383",2.3,6.09,5.67,7.08,3.71,6.45,2.3,7.01,3.94,7,6.34,6.48,5.53,6.31,2.3,7.35,6.45,6.4,7.28,7.08,2.3
"MI0000743_miRNA 384",5.33,5.7,6.76,7.3,5.83,6.08,2.3,6.33,6.26,2.3,6.17,6.18,6.98,5.54,6.06,8.12,6.7,6.69,7.69,2.3,2.3
"MI0000760_miRNA 385",10.85,10.12,10.9,12.22,11.55,12.23,11.67,11.37,8.49,11.56,10.01,9.26,11.21,10.09,10.64,12.53,9.95,10.13,10.01,11.51,11.14
"MI0000760_miRNA 386",8.24,8.17,8.28,8.93,7.99,8.19,8.65,8.61,8.25,8.54,8.44,8.11,8.1,8.35,8,8.79,8.27,7.75,8.47,8.4,8.51
"MI0000762_miRNA 387",5.93,2.3,2.3,6.49,3.86,2.3,2.3,2.3,3.64,5.5,2.3,2.3,2.3,6.55,7.12,6.67,7.33,6.15,5.22,5.5,7.75
"MI0000762_miRNA 388",2.3,2.3,2.3,5.17,3.5,2.3,2.3,5.22,2.3,2.3,2.3,2.3,2.3,5.42,2.3,2.3,5.24,2.3,2.3,5.12,5.35
"MI0000764_miRNA 389",2.3,2.3,2.3,7.28,3.92,8.27,9.45,2.3,2.3,8.03,2.3,2.3,5.08,7.53,6.55,5.31,2.3,2.3,9.29,2.3,9.37
"MI0000764_miRNA 390",6.5,7.76,7.39,9.26,7.81,8.49,8.06,8.19,6.97,7.95,7.75,7.57,8.07,8.44,7.3,7.47,6.28,6.58,7.01,7.85,7.38
"MI0000767_miRNA 391",6.47,5.83,8.1,6.98,5.48,5.65,5.12,2.3,2.86,2.3,6.17,2.3,5.42,7.41,8.11,6.28,5.86,2.3,2.3,5.87,6.98
"MI0000767_miRNA 392",5.47,2.3,2.3,5.81,2.3,2.3,2.3,6.05,2.94,2.3,2.3,2.3,5.49,5.52,5.38,2.3,2.3,5.49,5.03,2.3,2.3
"MI0000769_miRNA 393",6.86,6.02,8.02,7,5.11,5.53,2.3,2.3,2.85,2.3,6.36,2.3,6.2,7.54,8.08,6.02,7.15,2.3,5.35,6.81,6.28
"MI0000769_miRNA 394",5.33,6.52,6.19,7.3,5.47,6.13,7.12,6.64,5.57,6.38,5.93,5.65,6.33,6.66,5.12,6.18,7.63,7.14,5.12,6.28,6.02
"MI0000775_miRNA 395",5.27,2.3,2.3,5.52,4.6,2.3,7.78,2.3,2.88,8.58,2.3,2.3,2.3,2.3,2.3,2.3,2.3,2.3,2.3,2.3,2.3
"MI0000775_miRNA 396",2.3,2.3,2.3,2.3,2.3,2.3,2.3,2.3,2.3,5.84,2.3,2.3,2.3,2.3,2.3,2.3,2.3,2.3,2.3,2.3,2.3
"MI0000776_miRNA 397",7.83,2.3,2.3,7.98,2.3,5.73,2.3,2.3,2.3,2.3,2.3,2.3,2.3,2.3,2.3,2.3,2.3,2.3,2.3,2.3,2.3
"MI0000776_miRNA 398",2.3,2.3,2.3,2.3,2.3,7.91,2.3,7.02,4.73,2.3,2.3,2.3,2.3,2.3,2.3,2.3,2.3,2.3,2.3,2.3,2.3
"MI0000777_miRNA 399",8.66,6.26,7.16,9.05,6.13,6.78,6.1,6.93,5.45,5.67,6.3,5.51,6.84,6.54,2.3,5.08,5.14,6.14,6.5,7.05,2.3
"MI0000777_miRNA 400",2.3,2.3,2.3,2.3,2.3,7.06,2.3,2.3,3.93,2.3,2.3,2.3,2.3,2.3,2.3,2.3,2.3,2.3,2.3,2.3,2.3
"MI0000778_miRNA 401",6,2.3,2.3,6.58,5.01,2.3,8.64,5.54,3.4,8.98,2.3,2.3,2.3,2.3,2.3,2.3,2.3,2.3,5.19,2.3,2.3
"MI0000778_miRNA 402",5.19,2.3,2.3,5.62,3.43,5.12,2.3,5.93,4.1,5.53,5.78,5.29,6.25,2.3,2.3,2.3,5.27,5.47,2.3,2.3,5.19
"MI0000779_miRNA 403",11.43,11.44,11.75,12.8,11.91,12.03,12.72,12.27,12.21,11.53,11.92,12.56,12.66,11.95,11.64,11.99,11.74,11.77,12.05,12.73,11.54
"MI0000779_miRNA 404",6.02,7.32,6.87,7.16,5.96,6.82,6.45,6.54,6.3,6.06,5.91,6.2,5.45,5.81,6.02,5.56,6.36,5.45,5.8,6.11,6.25
"MI0000780_miRNA 405",2.3,2.3,5.8,5.59,3.73,6.04,2.3,6.36,4.21,2.3,7.3,2.3,5.08,2.3,5.63,2.3,2.3,5.45,5.14,2.3,2.3
"MI0000781_miRNA 407",10.55,10.55,10.4,11.29,10.66,10.67,11.15,11.11,10.94,10.38,10.73,11.42,11.19,10.87,10.53,11.22,10.76,10.7,10.59,11.11,10.47
"MI0000781_miRNA 408",6.85,6.08,6.89,7.74,5.63,7.18,7.3,6.71,6.78,6.75,7.17,7.15,7.38,6.92,5.81,6.76,7.07,6.26,6.99,7.48,6.57
"MI0000781_miRNA 409",7.6,6.75,6.87,7.9,7.62,7.94,7.74,8.02,8.03,7.28,7.23,8.08,8.18,7.41,7.03,7.44,7.42,7.32,7.53,7.61,6.99
"MI0000781_miRNA 410",10.29,10.62,10,10.98,10.51,10.45,11,10.52,10.83,10.73,10.6,11,10.96,10.32,10.25,10.83,9.23,10.36,10.43,10.95,10.54
"MI0000782_miRNA 411",8.91,7.92,7.92,9.59,9.27,8.99,7.99,8.96,7.78,9.03,8.4,7.68,8.25,8.46,8.25,8.92,8.29,8.11,8.04,8.29,8.6
"MI0000783_miRNA 412",7.67,7.63,7.23,8.05,8.97,7.94,7.88,7.89,8.02,7.97,8.19,7.83,8.32,7.49,7.02,7.62,8.16,7.93,7.55,7.38,7.75
"MI0002466_miRNA 413",9.31,6.88,6.54,9.38,5.82,7.55,2.3,5.92,5.18,5.76,6.06,5.19,6.68,5.8,2.3,2.3,5.5,5.81,5.63,5.49,5.37
"MI0002466_miRNA 415",11.22,11.12,11.7,12.51,11.51,11.88,11.79,11.61,11.57,11.66,11.8,12.31,12.37,11.32,11.26,11.95,11.09,11.24,11.38,11.89,11.51
"MI0002466_miRNA 416",2.3,2.3,2.3,2.3,2.3,6.02,2.3,2.3,3.14,2.3,2.3,2.3,2.3,2.3,2.3,2.3,2.3,2.3,2.3,2.3,2.3
"MI0000785_miRNA 417",9.13,8.14,8.47,9.83,8.24,8.73,8.47,8.71,8.24,8.14,8.27,8.78,8.87,8.27,8.05,8.28,8.2,8.12,8.18,8.88,7.58
"MI0000785_miRNA 418",2.3,5.54,5.21,5.21,3.81,5.19,5.7,2.3,2.3,2.3,2.3,2.3,2.3,5.35,2.3,5.14,2.3,2.3,2.3,2.3,2.3
"MI0000786_miRNA 419",2.3,2.3,2.3,2.3,2.3,6.13,2.3,5.1,3.91,2.3,2.3,2.3,2.3,5.12,2.3,2.3,2.3,2.3,2.3,2.3,2.3
"MI0000786_miRNA 420",5.15,6.18,2.3,5.17,7.77,2.3,6.96,8.76,8.86,8.36,5.78,5.33,7.88,5.49,7.14,6.25,8.01,6.38,2.3,7,7.99
"MI0000787_miRNA 421",7.22,5.8,5.52,7.65,5.1,6.06,2.3,5.79,5.62,6.39,5.53,5.51,5.9,2.3,2.3,6.14,6.34,5.7,6.13,5.95,5.67
"MI0000787_miRNA 422",6.62,5.52,2.3,7.65,5.56,6.11,5.67,6.42,4.24,5.12,5.4,5.86,5.1,5.45,2.3,5.51,6.17,5.12,5.95,2.3,5.29
"MI0000788_miRNA 423",7.14,2.3,2.3,7.22,2.3,5.31,2.3,2.3,2.3,2.3,2.3,2.3,2.3,2.3,2.3,2.3,2.3,2.3,2.3,2.3,2.3
"MI0000789_miRNA 426",5.29,2.3,2.3,6.14,2.3,6.11,5.22,5.21,3.51,5.38,2.3,2.3,5.73,6.19,2.3,5.14,2.3,6.14,6.77,2.3,5.25
"MI0000790_miRNA 427",9.97,7.54,7.31,10.87,4.44,8.92,6.93,6.84,6.5,6.64,6.48,6.03,7.97,6.7,5.58,6.11,5.06,5.15,5.78,6.59,5.9
"MI0000791_miRNA 428",7.99,7.85,7.67,8.64,7.11,8.52,8.28,8.1,8.08,8.19,7.11,7.43,7.8,7.67,7.48,8.1,7.38,6.37,6.36,7.68,7.51
"MI0000791_miRNA 429",5.25,5.5,5.77,6.8,5.6,5.92,5.25,5.38,5.27,2.3,5.14,5.24,5.78,5.91,13.27,6.12,2.3,6.39,5.42,5.31,5.84
"MI0001145_miRNA 430",2.3,2.3,2.3,2.3,2.3,2.3,2.3,2.3,2.87,2.3,2.3,2.3,2.3,2.3,2.3,2.3,2.3,2.3,2.3,2.3,2.3
"MI0001735_miRNA 431",9.72,6.19,6.41,10.51,2.85,8.29,2.3,2.3,2.3,2.3,2.3,2.3,2.3,2.3,2.3,2.3,2.3,2.3,2.3,2.3,2.3
"MI0001735_miRNA 432",2.3,2.3,2.3,2.3,2.3,2.3,2.3,2.3,2.9,2.3,2.3,2.3,2.3,2.3,2.3,2.3,2.3,2.3,2.3,2.3,2.3
"MI0002465_miRNA 433",9.58,6.02,6.46,9.64,4.96,7.52,6.09,5.68,4.89,6,6.04,5.94,5.61,6.41,5.06,5.65,6.05,5.65,6.45,5.76,5.53
"MI0002465_miRNA 434",5.9,5.49,5.88,7.1,5.71,6.09,6.71,6.88,5.86,7.2,5.74,6.04,5.66,6.16,6.21,5.35,6.3,2.3,5.96,5.98,6.21
"MI0002464_miRNA 435",8.11,8.57,7.95,9.04,8.49,8.59,8.65,8.91,8.56,8.28,8.8,9.1,8.84,8.91,8.3,9.3,8.69,8.39,8.44,9.44,8.69
"MI0002464_miRNA 436",2.3,2.3,2.3,2.3,2.84,5.5,2.3,2.3,3.82,2.3,2.3,2.3,2.3,2.3,2.3,2.3,2.3,2.3,2.3,5.24,2.3
"MI0001444_miRNA 437",2.3,2.3,2.3,2.3,5.83,5.29,2.3,6.62,7.06,5.7,6.01,2.3,5.76,2.3,5.45,2.3,6.96,2.3,5.47,5.27,6.72
"MI0001444_miRNA 438",5.22,2.3,5.99,5.97,4.25,5.38,5.33,6.51,4.87,6.35,7.55,2.3,5.25,6,2.3,5.12,6.48,2.3,5.42,2.3,6.85
"MI0001445_miRNA 439",8.8,8.53,7.91,8.22,8.16,8.8,7.08,8.04,8.49,9.66,7.84,7.21,8.51,7.91,8.2,8.15,9.13,7.9,7.98,7.79,7.65
"MI0001445_miRNA 440",10.68,10.67,10.25,10.97,10.24,10.65,10.62,11,10.43,10.82,10.9,10.18,11.3,10.5,10.02,10.36,10.64,10.2,10.35,10.38,10.07
"MI0001446_miRNA 441",9.75,9.51,9.39,10.1,9.36,9.75,9.3,9.59,9.6,9.56,9.53,9.83,10.26,9.13,8.83,8.97,9.35,8.66,9.57,9.59,9.2
"MI0001446_miRNA 442",9.38,2.3,6.58,6.96,5.89,7.09,6.64,5.92,4.18,6.1,6.46,5.12,5.01,5.5,2.3,2.3,5.31,2.3,5.03,2.3,5.52
"MI0001448_miRNA 443",2.3,2.3,2.3,6.11,5.56,6.23,5.9,7.36,5.42,6.02,7.42,6.21,7.26,6.16,2.3,6.2,6.79,2.3,6.14,6.06,6.06
"MI0001448_miRNA 444",8.68,7.47,7.75,7.97,10.04,8.05,8.79,10.84,9.14,8.95,9.26,7.05,8.03,7.92,8.06,9.13,8.14,7.7,7.86,8.02,7.04
"MI0001641_miRNA 445",9.52,9.8,9.68,10.37,9.41,10.27,9.47,10.49,9.88,9.7,9.57,10.37,10.35,9.99,9.48,9.86,9.65,9.73,10.03,9.95,9.61
"MI0001641_miRNA 446",8.67,7.8,8.13,8.72,7.58,8.27,7.39,7.9,8.27,7.94,9.33,8.04,10.04,8.66,7.06,9.21,8.17,9.53,8.18,8.15,7.83
"MI0001721_miRNA 447",6.28,2.3,5.52,6.95,2.3,2.3,2.3,2.3,2.3,2.3,2.3,2.3,2.3,2.3,2.3,2.3,2.3,2.3,2.3,2.3,2.3
"MI0001721_miRNA 448",9.73,9.73,9.72,10.52,9.99,10.15,9.9,10.55,10.2,9.75,10.06,10.42,10.3,10.1,9.82,11.02,9.96,10.22,10.32,11.15,10.25
"MI0003133_miRNA 450",6.75,2.3,2.3,7.74,2.3,2.3,2.3,2.3,3.51,2.3,2.3,2.3,2.3,2.3,2.3,2.3,2.3,2.3,2.3,2.3,2.3
"MI0001723_miRNA 451",8.17,7.46,7.64,8.39,7.11,7.73,7.33,7.53,7.37,7.49,7.52,7.28,7.47,7.8,7.18,7.37,6.98,7.24,7.38,7.05,7.11
"MI0001723_miRNA 452",2.3,2.3,2.3,5.19,2.3,2.3,2.3,2.3,2.88,2.3,5.27,2.3,2.3,2.3,2.3,2.3,2.3,2.3,2.3,2.3,2.3
"MI0001637_miRNA 453",7.02,6.92,6.47,6.85,7,7.52,7.22,7.29,6.81,6.68,7.36,7.3,7.6,7.43,6.81,7.06,7.02,6.85,7.14,6.33,7.15
"MI0001648_miRNA 455",2.3,2.3,2.3,6.38,2.88,5.5,5.49,5.79,3.77,6.64,5.59,5.4,5.65,5.33,2.3,5.24,5.12,5.03,6.21,6.04,5.47
"MI0001652_miRNA 456",7.18,2.3,6.57,7.12,5.76,6.4,6.14,5.45,2.9,5.22,5.77,2.3,2.3,6.47,5.47,5.61,5.5,2.3,5.72,5.4,2.3
"MI0003187_miRNA 457",6.23,2.3,5.83,5.94,3.63,5.86,5.17,2.3,2.84,5.15,5.08,5.08,2.3,2.3,2.3,2.3,2.3,2.3,2.3,2.3,2.3
"MI0003187_miRNA 458",2.3,2.3,2.3,5.66,2.9,5.03,2.3,5.29,3.61,5.37,2.3,2.3,2.3,2.3,2.3,5.27,2.3,2.3,5.12,2.3,2.3
"MI0001729_miRNA 459",2.3,2.3,2.3,2.3,2.3,2.3,2.3,2.3,10.63,2.3,2.3,2.3,2.3,2.3,2.3,6.17,5.22,2.3,2.3,2.3,2.3
"MI0001729_miRNA 460",2.3,2.3,2.3,5.24,2.3,2.3,2.3,2.3,6.08,5.38,2.3,2.3,2.3,2.3,2.3,5.03,2.3,2.3,2.3,2.3,2.3
"MI0001733_miRNA 461",2.3,2.3,2.3,2.3,2.3,2.3,2.3,5.68,7.41,2.3,2.3,2.3,2.3,2.3,2.3,2.3,2.3,2.3,2.3,2.3,2.3
"MI0001733_miRNA 462",2.3,2.3,2.3,2.3,2.3,5.33,2.3,2.3,5.76,2.3,2.3,5.33,2.3,2.3,5.61,2.3,2.3,2.3,2.3,2.3,2.3
"MI0001727_miRNA 463",6.87,7.61,7.07,7.87,6.65,7.5,7.71,7.94,7.85,7.6,7.75,6.97,7.31,7.19,6.23,7.1,7.3,6.13,6.9,7.31,7.31
"MI0001727_miRNA 464",2.3,2.3,2.3,2.3,2.3,2.3,2.3,2.3,2.84,2.3,2.3,2.3,2.3,2.3,2.3,2.3,5.22,2.3,2.3,2.3,2.3
"MI0003513_miRNA 465",5.22,2.3,2.3,2.3,2.3,2.3,5.03,5.44,2.3,5.77,2.3,2.3,2.3,2.3,2.3,2.3,5.33,2.3,2.3,2.3,2.3
"MI0003513_miRNA 466",5.7,2.3,5.54,5.66,2.3,6.39,2.3,2.3,2.88,2.3,2.3,2.3,6.87,5.37,6.06,5.22,2.3,2.3,2.3,5.29,6.06
"MI0002467_miRNA 467",11.85,11.84,12.05,12.87,12,11.93,12.93,13.21,12.22,12.32,13,12.62,12.41,12.16,11.23,12.69,11.92,11.28,11.9,12.09,11.78
"MI0002467_miRNA 468",5.61,2.3,5.19,5.58,3.51,2.3,5.45,6.08,3.55,5.19,6.61,5.03,5.93,5.59,2.3,2.3,5.53,5.22,6.2,2.3,2.3
"MI0002468_miRNA 469",11.43,10.69,10.35,10.61,9.78,10.8,12.32,10.33,10.28,12.16,10.79,9.68,10.36,11.03,10.29,10.48,10.03,9.76,9.46,10.01,10.17
"MI0002469_miRNA 470",7.39,6.37,5.79,7.78,4.09,7.02,5.76,5.38,5.57,2.3,6.81,5.52,5.27,6.71,5.27,5.38,5.63,6.4,5.03,5.24,6
"MI0002469_miRNA 471",2.3,2.3,2.3,2.3,2.3,2.3,2.3,2.3,2.86,2.3,2.3,2.3,5.27,2.3,2.3,2.3,2.3,2.3,2.3,2.3,2.3
"MI0002470_miRNA 472",2.3,2.3,2.3,8.59,2.3,8.58,2.3,2.3,12.84,2.3,2.3,7.76,2.3,2.3,2.3,2.3,2.3,2.3,2.3,2.3,2.3
"MI0002471_miRNA 473",7.94,7.44,6.99,8.56,6.18,7.23,8.07,8.36,5.58,8.53,7.56,6.73,7.38,7.57,6.44,6.97,6.59,6.61,6.93,7.18,8.35
"MI0002471_miRNA 474",2.3,2.3,2.3,5.29,2.3,2.3,2.3,2.3,2.3,2.3,2.3,2.3,2.3,2.3,2.3,2.3,2.3,2.3,2.3,2.3,2.3
"MI0003123_miRNA 475",2.3,2.3,2.3,5.25,2.3,2.3,2.3,5.76,2.3,2.3,2.3,2.3,2.3,2.3,2.3,2.3,2.3,2.3,2.3,5.7,6.67
"MI0003124_miRNA 477",5.19,6.31,6.42,7.02,5.44,6.44,6.25,7.76,6.4,6.69,6.87,5.98,7.46,5.61,5.68,6.31,6.04,2.3,5.77,6.97,6.95
"MI0003126_miRNA 478",2.3,5.03,5.45,6.39,5.3,5.31,6.33,9.48,4.86,6.43,5.52,6.6,5.79,5.77,2.3,2.3,5.44,5.21,5.29,2.3,2.3
"MI0003131_miRNA 480",2.3,2.3,2.3,2.3,2.3,2.3,2.3,2.3,2.3,2.3,2.3,2.3,2.3,2.3,2.3,2.3,5.08,2.3,2.3,2.3,2.3
"MI0003132_miRNA 481",8.87,6.11,6.32,9.97,2.3,7.57,2.3,2.3,2.85,6.1,2.3,2.3,2.3,2.3,2.3,2.3,2.3,2.3,2.3,2.3,2.3
"MI0003132_miRNA 482",6.4,2.3,5.49,2.3,2.3,2.3,2.3,5.37,2.3,2.3,5.85,2.3,2.3,2.3,2.3,2.3,5.1,2.3,2.3,2.3,2.3
"MI0003134_miRNA 483",9.7,10.17,9.96,11.64,9.92,10.03,10.88,11.26,9.61,8.71,9.41,11.55,12.34,11.74,10.18,10.18,9.34,10.51,10.48,11.73,10.36
"MI0003135_miRNA 485",9.25,2.3,5.8,9.88,2.3,7.59,2.3,2.3,2.3,2.3,2.3,2.3,2.3,7.11,2.3,2.3,2.3,2.3,2.3,2.3,2.3
"MI0003135_miRNA 486",5.84,2.3,5.79,5.67,3.57,5.77,2.3,5.88,3.77,2.3,5.22,2.3,5.45,5.83,2.3,2.3,5.77,2.3,5.27,6.58,2.3
"MI0003136_miRNA 487",5.44,2.3,2.3,6.95,5.78,5.9,2.3,7.03,5.2,5.27,6.55,2.3,5.32,5.71,2.3,2.3,5.56,2.3,5.14,5.94,6.22
"MI0003136_miRNA 488",2.3,2.3,2.3,2.3,2.91,2.3,2.3,2.3,2.3,2.3,5.29,2.3,2.3,2.3,2.3,2.3,2.3,2.3,2.3,2.3,2.3
"MI0003138_miRNA 489",8.75,8.54,9.25,9.57,8.87,9.43,9.61,9.93,9.14,9.43,10.95,9.66,10.5,9.52,8.91,9.76,8.86,9.74,9.29,9.35,9.09
"MI0003138_miRNA 490",2.3,2.3,2.3,2.3,2.3,5.22,2.3,5.22,2.3,2.3,2.3,2.3,2.3,2.3,6.04,2.3,5.33,2.3,2.3,2.3,2.3
"MI0003142_miRNA 491",9.61,9.13,9.21,10.33,9.49,9.88,9.82,9.95,10,9.18,10.04,10.27,10.9,10.05,9.44,9.78,9.4,10.2,10.08,10.13,9.06
"MI0003183_miRNA 492",7.62,8.26,7.88,8.32,7.51,8.13,8.09,8.27,7.59,8.21,9.73,8.53,9.55,9,7.8,8.58,7.93,8.84,8.09,8.08,7.42
"MI0003183_miRNA 493",5.53,2.3,2.3,2.3,2.88,6.34,2.3,5.27,4.06,2.3,5.53,2.3,2.3,2.3,2.3,2.3,5.65,2.3,2.3,5.05,2.3
"MI0003184_miRNA 494",5.12,5.42,2.3,5.29,3.83,2.3,2.3,5.76,2.92,5.64,2.3,2.3,6.53,7.27,6.55,5.77,7.47,6.46,6.4,6.04,6.87
"MI0003184_miRNA 495",7.12,5.53,6.81,7.53,6.77,6.92,6.1,7.63,6.54,6.29,6.77,6.25,6.11,7.95,7.43,7.79,7.05,7.76,7.11,7.86,7.57
"MI0003185_miRNA 496",2.3,2.3,2.3,5.03,5.35,2.3,2.3,2.3,2.91,5.45,6.13,2.3,2.3,6.29,6.2,6.95,6.85,6.98,7.32,6.64,7.14
"MI0003185_miRNA 497",2.3,2.3,2.3,2.3,2.3,5.04,2.3,2.3,2.3,2.3,2.3,2.3,2.3,2.3,2.3,5.25,5.75,2.3,2.3,5.74,5.68
"MI0003186_miRNA 498",5.03,2.3,5.67,6.6,5.05,5.81,2.3,5.85,4.75,5.75,7.39,2.3,2.3,6.88,6.68,6.55,7.3,6.53,7.2,7,7.18
"MI0003186_miRNA 499",2.3,2.3,2.3,5.01,2.88,2.3,2.3,2.3,2.3,2.3,5.5,2.3,2.3,5.79,2.3,2.3,5.59,5.29,2.3,2.3,2.3
"MI0003188_miRNA 500",7.82,2.3,5.52,5.7,3.61,5.96,2.3,5.06,4.03,5.67,6.11,5.1,2.3,2.3,2.3,5.12,2.3,2.3,5.59,2.3,2.3
"MI0003188_miRNA 501",7.76,6.49,6.64,7.7,6.69,7.94,7.85,8.18,7.49,8.32,6.46,6.63,7.81,5.76,7.1,7.17,7.7,6.71,6.45,6.68,7.7
"MI0003189_miRNA 502",2.3,2.3,2.3,2.3,2.3,5.1,2.3,2.3,2.3,2.3,2.3,2.3,2.3,2.3,2.3,2.3,2.3,2.3,2.3,2.3,2.3
"MI0003189_miRNA 503",7.33,6.72,6.49,7.6,6.24,6.79,7.17,7.5,6.44,7.05,6.97,6.24,7.52,6.4,5.06,7.19,6.97,2.3,6.67,6.04,5.58
"MI0003190_miRNA 504",6.71,5.04,2.3,5.95,6.03,6.08,2.3,5.65,4.22,6.28,5.22,2.3,5.58,2.3,2.3,6.2,5.5,2.3,2.3,2.3,5.59
"MI0003193_miRNA 506",2.3,2.3,2.3,2.3,2.3,2.3,2.3,2.3,2.3,2.3,2.3,2.3,2.3,2.3,2.3,6.49,6.21,6.17,5.96,2.3,5.42
"MI0003194_miRNA 507",2.3,2.3,5.06,5.31,2.3,2.3,2.3,2.3,2.3,2.3,2.3,2.3,2.3,2.3,2.3,2.3,5.5,2.3,2.3,2.3,2.3
"MI0003195_miRNA 508",2.3,2.3,2.3,2.3,2.3,2.3,2.3,2.3,2.3,2.3,2.3,2.3,2.3,2.3,2.3,5.87,5.7,2.3,5.67,2.3,5.12
"MI0003196_miRNA 509",2.3,2.3,2.3,2.3,2.3,2.3,2.3,2.3,2.3,2.3,2.3,2.3,2.3,8.29,2.3,9.78,8.62,8.32,9.17,6.75,8.64
"MI0003196_miRNA 510",2.3,2.3,2.3,2.3,2.3,5.31,2.3,2.3,2.3,2.3,2.3,2.3,2.3,5.44,2.3,6.48,6.24,5.52,5.1,2.3,5.15
"MI0003197_miRNA 511",2.3,2.3,5.17,2.3,2.3,5.63,2.3,2.3,2.3,5.29,2.3,2.3,2.3,5.04,2.3,2.3,2.3,2.3,2.3,2.3,5.96
"MI0003128_miRNA 513",5.08,2.3,2.3,5.32,3.12,5.37,2.3,2.3,2.86,5.08,2.3,2.3,2.3,5.04,2.3,5.1,2.3,2.3,2.3,6.11,2.3
"MI0003128_miRNA 515",6.14,2.3,6.84,6.49,3.77,5.52,2.3,5.75,2.3,2.3,2.3,5.43,5.42,6.04,2.3,5.76,2.3,2.3,2.3,2.3,2.3
"MI0003191_miRNA 517",2.3,2.3,2.3,2.3,2.3,2.3,2.3,2.3,2.3,2.3,2.3,2.3,2.3,6.04,2.3,7.83,6.15,2.3,7.34,2.3,6.08
"MI0003192_miRNA 518",2.3,2.3,2.3,2.3,2.3,2.3,2.3,2.3,2.3,2.3,2.3,2.3,6.09,2.3,2.3,2.3,2.3,2.3,2.3,2.3,2.3
"MI0003192_miRNA 519",2.3,5.03,2.3,2.3,2.3,2.3,2.3,2.3,2.3,2.3,2.3,2.3,2.3,6.86,6.15,8.24,6.87,6.32,7.12,5.25,7.23
"MI0003192_miRNA 520",2.3,2.3,2.3,2.3,3.46,5.52,2.3,2.3,3.45,2.3,2.3,2.3,2.3,2.3,2.3,2.3,7.39,2.3,5.59,5.1,2.3
"MI0003200_miRNA 521",2.3,2.3,2.3,2.3,2.3,2.3,2.3,2.3,2.3,2.3,2.3,2.3,2.3,5.58,2.3,5.15,6.13,2.3,5.65,2.3,2.3
"MI0003200_miRNA 523",2.3,2.3,2.3,2.3,2.3,2.3,2.3,2.3,2.3,2.3,2.3,2.3,2.3,2.3,2.3,5.83,5.14,2.3,2.3,2.3,2.3
"MI0003147_miRNA 524",5.44,2.3,5.06,6.05,3.45,5.61,2.3,2.3,4.36,2.3,5.83,5.27,5.47,2.3,2.3,5.25,5.03,2.3,2.3,6.17,2.3
"MI0003147_miRNA 525",2.3,2.3,2.3,2.3,2.3,2.3,2.3,2.3,2.3,2.3,2.3,5.77,2.3,2.3,2.3,2.3,2.3,2.3,2.3,2.3,2.3
"MI0003147_miRNA 526",5.37,5.17,2.3,5.72,3.44,5.03,2.3,5.32,2.3,5.15,2.3,5.35,5.33,2.3,2.3,2.3,5.24,2.3,5.61,2.3,2.3
"MI0003147_miRNA 527",2.3,2.3,2.3,2.3,2.3,2.3,2.3,2.3,2.87,2.3,2.3,2.3,2.3,2.3,2.3,5.01,2.3,2.3,2.3,2.3,2.3
"MI0003180_miRNA 529",6.44,2.3,2.3,2.3,2.3,2.3,2.3,2.3,2.9,2.3,6.06,5.21,2.3,2.3,2.3,2.3,2.3,2.3,2.3,2.3,2.3
"MI0003181_miRNA 531",2.3,2.3,2.3,2.3,3.14,6.68,6.28,5.44,5.93,2.3,2.3,6.31,5.54,2.3,2.3,2.3,2.3,2.3,2.3,2.3,2.3
"MI0003167_miRNA 532",2.3,2.3,2.3,6.99,3.54,6.38,5.72,6.54,4.9,2.3,5.72,5.8,5.52,6.15,2.3,6.21,5.06,2.3,5.4,5.96,5.61
"MI0003172_miRNA 533",2.3,2.3,5.32,2.3,4.01,9.01,5.66,6.82,7.76,2.3,2.3,5.66,5.99,2.3,2.3,2.3,2.3,2.3,2.3,5.25,2.3
"MI0003172_miRNA 534",7.57,7.06,6.9,8.58,7.45,10.53,6.51,7.53,6.05,6.76,6.68,7.51,7.68,6.73,7.63,7.66,6.75,6.16,7.08,7.34,6.85
"MI0003161_miRNA 537",2.3,2.3,2.3,2.3,2.88,2.3,5.91,2.3,2.95,2.3,2.3,2.3,2.3,2.3,2.3,5.74,2.3,2.3,2.3,2.3,2.3
"MI0003174_miRNA 538",2.3,2.3,2.3,6.01,2.97,6.18,2.3,2.3,2.3,2.3,2.3,2.3,2.3,2.3,2.3,2.3,5.08,2.3,2.3,2.3,2.3
"MI0003174_miRNA 539",5.47,2.3,2.3,2.3,2.3,2.3,2.3,2.3,2.3,2.3,2.3,2.3,2.3,2.3,2.3,2.3,2.3,2.3,5.03,2.3,2.3
"MI0003179_miRNA 542",2.3,2.3,2.3,2.3,2.3,2.3,2.3,2.3,2.3,2.3,6.86,2.3,2.3,2.3,2.3,2.3,5.4,2.3,2.3,2.3,2.3
"MI0003173_miRNA 543",2.3,2.3,2.3,2.3,2.3,2.3,2.3,2.3,2.3,2.3,5.8,2.3,2.3,5.08,2.3,2.3,2.3,2.3,2.3,2.3,2.3
"MI0003173_miRNA 544",2.3,2.3,2.3,5.43,2.3,2.3,2.3,5.65,2.85,2.3,2.3,2.3,2.3,2.3,5.12,2.3,5.33,2.3,2.3,2.3,2.3
"MI0003156_miRNA 546",2.3,2.3,2.3,2.3,2.3,2.3,2.3,2.3,2.3,2.3,2.3,2.3,2.3,5.72,2.3,2.3,2.3,2.3,2.3,2.3,2.3
"MI0003154_miRNA 551",2.3,2.3,2.3,2.3,2.3,2.3,2.3,2.3,2.3,5.5,2.3,2.3,2.3,2.3,2.3,2.3,2.3,2.3,2.3,2.3,2.3
"MI0003178_miRNA 553",5.95,2.3,2.3,2.3,2.3,2.3,2.3,2.3,2.3,2.3,2.3,5.01,2.3,2.3,2.3,2.3,2.3,2.3,2.3,2.3,2.3
"MI0003182_miRNA 554",5.15,2.3,2.3,2.3,2.85,2.3,2.3,2.3,2.3,2.3,2.3,2.3,2.3,2.3,2.3,2.3,2.3,2.3,2.3,2.3,2.3
"MI0003162_miRNA 560",10.01,11.13,10.4,11.88,10.81,11.67,11.2,11.33,11.15,10.78,10.76,11.34,11.59,10.7,10.5,11.5,10.61,10.14,10.7,11,10.36
"MI0003162_miRNA 561",2.3,2.3,2.3,5.03,2.3,2.3,2.3,5.22,2.3,2.3,2.3,2.3,2.3,2.3,2.3,2.3,2.3,2.3,2.3,2.3,2.3
"MI0003145_miRNA 562",5.17,2.3,2.3,2.3,2.3,5.03,2.3,5.12,2.3,2.3,2.3,2.3,2.3,2.3,2.3,2.3,2.3,2.3,2.3,2.3,2.3
"MI0003145_miRNA 563",6.05,5.83,6.4,6.57,4.45,5.8,2.3,6.53,6.06,2.3,6.66,6.33,7.24,5.76,6.08,5.43,6.18,6.59,6.1,6.06,5.68
"MI0003182_miRNA 567",5.54,2.3,2.3,2.3,2.3,2.3,2.3,2.3,2.3,2.3,5.31,2.3,2.3,2.3,2.3,2.3,2.3,2.3,2.3,2.3,2.3
"MI0003143_miRNA 571",2.3,5.22,2.3,6.61,2.9,2.3,2.3,2.3,4.17,5.56,5.27,5.56,6.28,5.19,2.3,2.3,6.24,2.3,5.58,2.3,2.3
"MI0003143_miRNA 572",2.3,2.3,5.22,2.3,2.3,2.3,2.3,5.61,2.91,2.3,2.3,2.3,2.3,2.3,2.3,2.3,2.3,2.3,2.3,2.3,2.3
"MI0003175_miRNA 575",2.3,2.3,2.3,2.3,3.11,2.3,2.3,2.3,4.34,2.3,2.3,2.3,2.3,2.3,2.3,2.3,2.3,2.3,2.3,2.3,2.3
"MI0003163_miRNA 580",2.3,2.3,2.3,5.67,2.3,2.3,2.3,5.73,3.51,2.3,5.1,2.3,5.86,2.3,2.3,2.3,5.06,2.3,2.3,6.46,5.38
"MI0003153_miRNA 583",2.3,2.3,2.3,2.3,2.3,2.3,2.3,2.3,2.92,2.3,2.3,2.3,2.3,2.3,2.3,2.3,2.3,2.3,2.3,2.3,2.3
"MI0003160_miRNA 584",2.3,2.3,2.3,2.3,2.84,2.3,2.3,2.3,2.3,2.3,2.3,2.3,2.3,2.3,2.3,2.3,2.3,2.3,2.3,2.3,2.3
"MI0003160_miRNA 585",2.3,2.3,2.3,2.3,2.3,2.3,2.3,2.3,2.3,2.3,2.3,2.3,2.3,2.3,2.3,2.3,5.45,2.3,2.3,2.3,2.3
"MI0003152_miRNA 586",2.3,2.3,2.3,5.59,2.3,2.3,2.3,2.3,2.3,2.3,2.3,2.3,2.3,2.3,2.3,2.3,2.3,2.3,5.12,2.3,2.3
"MI0003152_miRNA 587",5.4,2.3,2.3,5.01,4.34,5.22,2.3,2.3,3.55,2.3,2.3,2.3,7.11,5.81,2.3,2.3,5.95,5.32,5.96,2.3,5.04
"MI0003179_miRNA 590",5.06,2.3,2.3,2.3,2.3,2.3,2.3,2.3,2.3,2.3,2.3,2.3,2.3,2.3,2.3,2.3,2.3,2.3,2.3,2.3,2.3
"MI0000262_miRNA 591",6.18,6.95,6.43,7.79,6.8,6.36,7.19,7.98,6.8,7.18,7.27,6.71,7.03,7.52,6.48,7.69,6.9,6.31,7.67,7.17,6.95
"MI0000262_miRNA 592",2.3,5.27,5.37,6.44,5.26,2.3,5.44,2.3,4.83,6.65,6.04,5.47,6.25,5.31,5.12,5.44,2.3,2.3,6.05,2.3,2.3
"MI0000542_miRNA 593",9.37,9.42,9.35,10.29,9.41,9.62,10.23,10.08,9.75,9.85,10.16,9.74,9.82,9.08,8.88,10.17,9.79,9,9.45,9.7,9.38
"MI0000542_miRNA 594",12.18,11.21,11.93,12,11.06,11.27,10.72,10.32,10.82,11.11,10.67,9.76,10.78,10.88,10.86,11.58,10.82,10.23,10.13,10.98,11.14
"MI0003125_miRNA 595",2.3,5.35,2.3,2.3,2.3,2.3,5.65,2.3,2.3,2.3,2.3,2.3,2.3,2.3,2.3,2.3,2.3,2.3,2.3,2.3,2.3
"MI0000097_miRNA 597",2.3,2.3,5.04,6.33,2.3,2.3,2.3,5.7,2.3,2.3,2.3,2.3,2.3,5.37,2.3,2.3,2.3,2.3,2.3,2.3,2.3
